id,kind,status,section,date,title,source,source_status
Ж-50,decision,recorded,экономика,04.10.2026,"Бюджет Талиса на алхимию — ≈1,5 рабочих дня, ≈12 часов в неделю; 2 часа лёгкой деятельности за долгим отдыхом в бюджет не входят; сюжетные проекты — внутри 12 часов",Журнал решений.md,решение игрока
Ж-51,decision,recorded,6.5,03.10.2026,"Ночь под Бдительным отдыхом можно провести за алхимией (до 4 попыток), не чаще раза в неделю",Журнал решений.md,утверждено мастером
Ж-52,decision,recorded,8.6,03.10.2026,Контрольный яд: действует до конца третьего хода цели вместо концентрации; Внушение — 1 час,Журнал решений.md,"решение игрока (временно, Ж-82)"
Ж-53,decision,recorded,8.6,03.10.2026,"«Вылить на клинок» — бонусным действием, до конца хода; промах — доза стекает",Журнал решений.md,решение игрока
Ж-54,decision,recorded,8.6,03.10.2026,Цена контрольного яда — как у заряда того же исходного заклинания,Журнал решений.md,решение игрока
Ж-55,decision,recorded,8.6,03.10.2026,"Сопротивление к яду и контрольный яд: вариант «сопротивление ничего не даёт, преимущество — по тексту черты»",Журнал решений.md,ждёт мастера
Ж-56,decision,recorded,8.11,03.10.2026,Объявление удара маслом кары объясняется привязкой к владельцу каплей крови; отдельных ограничений нет,Журнал решений.md,решение игрока
Ж-57,decision,recorded,"9.1, карточки",03.10.2026,"Всё, что касается некротической энергии, — «Смерть/душа»; Сопротивление некротике — вариант Эликсира Смерти/души, излучению и силовому полю — Эликсира Эфира",Журнал решений.md,решение игрока
Ж-58,decision,recorded,7.9,03.10.2026,Противоядия — отдельный расходник по образцу чернил; ступени и цены мастера; мастерство и СЛ по нижнему полезному уровню (слабое — с мастерства 3; заменено Ж-79: с 4),Журнал решений.md,предложение
Ж-59,decision,rejected,"6.3, 7.6",04.10.2026,"Ограничение триггеров яда (один на цель за ход), «спокойный подход» в долгой варке, правило прерванной попытки — не вводить",Журнал решений.md,отклонено
Ж-60,decision,recorded,"2, 5.2, 6.2, 8.4, 8.8",04.10.2026,"Партия объявляется заранее; треснувший катализатор не тратит материалы недоваренных доз; ожог — тому, кто варит; срока годности нет; «Сопротивление магии» действует против зарядов; запись рецепта — подсказка +2",Журнал решений.md,предложение
Ж-61,decision,recorded,"А.2, карточки",04.10.2026,"Огненное дыхание: один выдох конусом 15 фт в течение часа, бонусным действием (выпить и выдохнуть — два бонусных действия); уровень V → III, 100 зм",Журнал решений.md,решение игрока
Ж-62,decision,recorded,"8.7, карточки «Сноровка»",04.10.2026,"«Сноровка: навык» и «Сноровка: характеристика» остаются мягкими (токсичность 0), кроме варианта Телосложения",Журнал решений.md,решение игрока
Ж-63,decision,recorded,"8.8, карточки",04.10.2026,"СЛ и бонус атаки эликсиров-эффектов — как у зарядов: заклинатель — свои, остальные — табличные; подливаемые — табличные; официальные — по тексту",Журнал решений.md,решение игрока
Ж-64,decision,recorded,"8.6, Конверсия заклинаний",04.10.2026,"Эликсир-эффект может давать оружие, атаку или ответный урон, если урон идёт через свои действия выпившего или в ответ на атаку; оценка — урон за бой против заряда того же уровня, цена — по коридору; удар без своей атаки — только заряд или склянка",Журнал решений.md,решение игрока
Ж-65,decision,recorded,8.14,04.10.2026,"Магия — через эссенцию: зелья, яды и противоядия не магические и работают в поле антимагии; эффекты с эссенцией магические; Рассеивание — по уровню исходного заклинания; заряд и склянку не контрзаклинать",Журнал решений.md,решение игрока
Ж-66,decision,recorded,"3.2, 7.7",04.10.2026,"Зелье «Выше уровнем» работает как зелье нового уровня, включая порядок катализатора для триггеров; в рост мастерства — по уровню, который варили",Журнал решений.md,решение игрока
Ж-67,decision,recorded,"7.5, 7.6",04.10.2026,"Нанесение ядов — в 7.5 для всех уровней: действием, 5 атак (попал или нет) или 5 боеприпасов",Журнал решений.md,утверждено мастером (5 атак)
Ж-68,decision,recorded,"8.4, 8.5, карточки",04.10.2026,"Две эссенции через «+» (Героизм: Разум + Тело) — обе обязательны при варке и в пробах, формула по первой; эссенция «по желанию» (Невидимость: Чувства) — подсказка эксперимента",Журнал решений.md,решение игрока
Ж-69,decision,recorded,"3.1, 8.4",04.10.2026,"Вариант открытой ступени выше мастерства — с СЛ +5 + разница уровней, одной дозой, без партий; исследовать выше мастерства нельзя",Журнал решений.md,решение игрока
Ж-70,decision,recorded,8.6,04.10.2026,"Опознание: знающий рецепт — сразу, иначе 10 минут и проверка Интеллекта с инструментами против СЛ варки; фамильяр и зверь-спутник пьют эликсиры, напоить — действием, предел токсичности по их блоку",Журнал решений.md,решение игрока
Ж-71,decision,rejected,"8.10, 10.4",04.10.2026,"Не сводить алхимию с системой свитков: ни трату дорогого компонента, ни цены чернил по качеству, ни дневной лимит",Журнал решений.md,отклонено
Ж-72,decision,recorded,третий приоритет,04.10.2026,"«Зелье неуязвимости»; поправки уровня за концентрацию — таблица в методике; натуральная 1 в 9.3 и 10.4 — таблица осечек; Камнекожа и Тонкая кожа — только попадания атакой; Бутилированное дыхание («Задержать») и Любовный напиток — мягкие; Сопротивление психическому — Разум, физическому — Тело; Величие дракона — только чешуйка; Предсказание и «Гадание» — один источник",Журнал решений.md,решение игрока
Ж-73,decision,recorded,7.3,04.10.2026,Триггер «Ускорение» (11): второе заклинание с ячейкой за ход — только заклинание с броском атаки,Журнал решений.md,утверждено мастером
Ж-74,decision,recorded,всё,04.10.2026,"Правила разгружены без потери смысла: таблица изменений и обоснование «Где альтернативы» — в «Журнал решений», список «ждёт мастера» и «На потом» — в «Очередь вопросов мастеру», история прототипа 7.6 — сюда; в начало правил добавлен «Быстрый старт»; ориентиры дохода из 6.2 — в экономику; цена зарядов в справочнике — одной строкой правила. Обоснование, почему заряды дешевле эффектов: заряд — заклинание для любого, эффект — бафф на себя; маржа как у чернил",Журнал решений.md,решение игрока
Ж-75,decision,recorded,"7.2, 7.5",04.10.2026,"Каждый раунд первыми теряются кубики, плоский бонус (+1, +2) держится до последнего раунда; для ядов так же",Журнал решений.md,утверждено мастером
Ж-76,decision,recorded,"8.6, карточка «Звёздная корона»",04.10.2026,"Звёздная корона — только эликсир-эффект, зарядом быть не может, в том числе при альтернативе «такие эликсиры — заряды»",Журнал решений.md,решение игрока
Ж-77,decision,recorded,экономика,04.10.2026,"Бюджет Талиса на алхимию — три варианта: 12 часов в неделю (неделя с вылазками), 22 (среднее), 30 (неделя в городе); расчёты экономики — на все три",Журнал решений.md,решение игрока
Ж-78,decision,recorded,все,04.10.2026,"Мастер: пока играем по системе v0.3 как есть — читать целиком ему сейчас некогда; если что-то не устроит, он прочитает и скажет, что именно. В спорных местах действует основной вариант, альтернативы остаются на случай его правок.",Журнал решений.md,утверждено мастером (временно)
Ж-79,decision,recorded,7.9,05.10.2026,"Слабое противоядие — с мастерства 4, СЛ 13 (было 3 и 11): яды 1.1–3.3 бьют один раунд, остаток урона появляется с 4.4; два слабых в рост — как одно 4.4",Журнал решений.md,решение игрока
Ж-80,decision,recorded,8.8,05.10.2026,Метамагия чародея на заряды и склянки не действует: заряд — не накладывание заклинания (В-42),Журнал решений.md,решение игрока
Ж-81,decision,recorded,"правило 1, справочник",05.10.2026,"Тиары (Инт, Мдр, Хар) и пояса (Сил, Лов, Тел) — как в Pathfinder: +2 / +4 / +6 / +8 к значению, пока надеты; +2 — 500 зм. Первая настройка — час, повторная — быстро. Будут попадаться в Соборе и квестах",Журнал решений.md,утверждено мастером
Ж-82,decision,recorded,8.6,05.10.2026,"Контрольные яды временно приняты как в 8.6: эффект и спасбросок исходного заклинания, табличная СЛ, до конца 3-го хода цели, иммунитет к яду защищает; играем по ним до замечаний мастера (Ж-78)",Журнал решений.md,решение игрока (временно)
Ж-83,decision,recorded,"8.6, 8.4",05.10.2026,"Контрольный яд — вариант доставки заряда того же заклинания: знание ступени формулы заряда открывает и яд, первая варка яда — СЛ +2; отдельных формул «Яд Разума» и т. п. нет. Обычные яды 1.1–10.10 — по тем же правилам рецептов, что зелья (8.4)",Журнал решений.md,решение игрока
Ж-84,decision,recorded,"карточки, А.1, 8.6",05.10.2026,"Контрольные яды — отдельный класс карточек «контрольный яд» (12 карточек, e185–e196), каждая ссылается на свой заряд. Добавлены 9 рецептов на слабые эссенции (e176–e184): Хождение по воде, Эликсир жизни Мургаксора, Обнаружение существ, Наблюдение, Изнеможение, Связь сущностей, Слово силы: боль, Пыль чихания и удушья, Склянка воды: водоворот",Журнал решений.md,решение игрока
Ж-85,decision,recorded,"10.1, 8.10, 7.9",05.10.2026,"Травы матрицы чернил — не ниже уровня набора, выше уровнем можно (правило мастера, со слов игрока). То же для смешивания по ценности в зарядах, склянках и маслах кары (8.10 ссылается на матрицу чернил) и в противоядиях (не ниже уровня ступени: 4 / 6 / 8 / 10) — решение игрока по аналогии. Рецепты по числу трав не менялись. Вопрос мастеру — В-44",Журнал решений.md,"утверждено мастером (чернила); решение игрока (заряды, склянки, масла кары, противоядия)"
Ж-86,decision,recorded,"8.10, карточки «Истинное зрение», «Связь сущностей»",05.10.2026,"Расходуемые компоненты (мазь 25 зм, платиновый шнур 250 зм) считаются включёнными в цену карточек: разница 2–10% цены, в вопросы мастеру не выносится. Цены не менялись",Журнал решений.md,решение игрока
Ж-87,decision,recorded,"5.2, 5.3",06.10.2026,"Изготовление катализатора — 2 часа. Рискованные применения идут сразу после стабильных, СЛ 10/12/14/16/18; всего = стабильные + 5. Нестабильный — 4 стабильных, всего 9: минус одна годная доза в среднем при любом бонусе, зеркально +1 за 5+ (вариант «3 стабильных, всего 8» отнимал две). Результаты: 5+ — 6 стабильных, натуральная 20 — 7, натуральная 1 — сырьё потеряно и осечка",Журнал решений.md,решение игрока
Ж-88,decision,recorded,7.9,06.10.2026,"Противоядия: бонусы 5+ (экономия трав — половина матрицы, долгая профилактика, лёгкий глоток, незаметное), натуральная 20 (ещё одно или два бонуса), дефекты к6 (Слабое — «Отравлен» держится ещё ход; снятие триггеров не трогается, ради него противоядие и берут; Медленное, Горькое, Мутит, Выдыхается, Без профилактики)",Журнал решений.md,решение игрока
Ж-89,decision,recorded,"8.13, 9.3",06.10.2026,"Дефект 5 для масла оружия — Неровное (−1 на кубе урона масла; без кубов — Короткое), для мази — Липкая (вдвое дольше, облить нельзя): раньше им выпадало «Горькое», а их не пьют. Натуральная 20 при переработке эссенции — отличная и срок хранения ×2",Журнал решений.md,решение игрока
Ж-90,decision,recorded,"7.1, 6.4, экономика",06.10.2026,"Зелье 4.4 остаётся как есть, хоть и почти не лучше 3.3 (мастер, после спора). Цены помощников и доход алхимии — как есть: цены помощников назначит мастер при необходимости; алхимия не будет приоритетнее вылазок",Журнал решений.md,утверждено мастером (4.4); решение игрока (остальное)
Ж-91,decision,recorded,"7.2, 7.3, 7.5, 8.6, 8.7",06.10.2026,"Зелья складываются: каждый флакон — своя последовательность лечения. Первый раунд лечения и урона яда — сразу, следующие — в начале хода выпившего или цели; повторное попадание ядом: первый раунд сразу, старая последовательность кончается. Дубль триггера зелья — пустой: без эффекта и токсичности. Предел токсичности — от Телосложения с предметами, без временных эффектов. Контрольный яд: отдельного потолка целей нет, «одна новая цель за ход» — на отравителя",Журнал решений.md,"утверждено мастером (зелья складываются, со слов игрока); решение игрока (остальное)"
Ж-92,decision,recorded,8.12,06.10.2026,"Свои бонусы контрольного яда: на 5+ — экономия трав (половина), сильная привязка (+1), незаметное, долгое нанесение (до 4 часов на оружии); на 20 — ещё одна доза, два бонуса, крепкая привязка (+2). Общий список бонусов для всех классов не вводится: помощник и так показывает только нужный класс",Журнал решений.md,решение игрока
Ж-93,decision,recorded,8.12,06.10.2026,"Щадящая на длительной области защищает выбранных всё время, включая повторные спасброски. Затяжная мгновенная склянка: в начале следующего хода бросающего — половина кубов урона (вниз, без плоского бонуса) всем в области, новый спасбросок, щадящая и сопротивления действуют. Широкая склянка может захватить цель, которая не помещалась в обычную область (Силовая клетка)",Журнал решений.md,решение игрока
Ж-94,decision,recorded,5.2,06.10.2026,"Натуральная 1 на проверке нестабильности катализатора — всегда провал (даже если сумма проходит СЛ) и осечка, как у любой проверки алхимии. Экономика уже считала 5% провала",Журнал решений.md,решение игрока
Ж-95,decision,recorded,7.3,06.10.2026,"Пить лечебные зелья при полных хитах ради нужного триггера не запрещено: ограничивает цена и время (один заданный триггер — в среднем ≈48 зелий 6.6, ≈6 500 зм, или ≈24 зелья 7.7–8.8; 10.10 — только с сюжетным катализатором IV). Если станет злоупотреблением — решает мастер",Журнал решений.md,решение игрока
Ж-96,decision,recorded,"1, 6.4, 8.13, 8.12, 8.14, 9.3",06.10.2026,"Временное повышение характеристики должно действовать в момент броска (конец попытки или подхода). Помощник в долгой варке — +2 к каждой проверке подхода и к завершающей. Дефекты контрольного яда — своя строка. «Малая»/«Широкая» меняют главный размер области на 5 фт, не меньше 5 фт. Триггер 6.6+ рассеивается как заклинание половины уровня зелья, по одному; в поле антимагии подавлен и возвращается. Эссенция хранится 30 дней, с натуральной 20 — 60",Журнал решений.md,решение игрока
Ж-97,decision,recorded,"8.6, 8.13",06.10.2026,"Контрольный яд: одна новая цель за раунд (от начала своего хода до начала следующего, включая реакции и подготовленные атаки). Дефект «Светится» у подлитого яда — мерцает в еде или питье до выпивания, заметить — Внимательность СЛ 10; жертва не светится",Журнал решений.md,решение игрока
Ж-98,decision,recorded,"7.5, 7.9, 8.6, 8.7, 8.8, 8.12, 8.13",06.10.2026,"Уточнения по проверке сочетаний: темп контрольного яда — один начальный спасбросок за раунд от одного отравителя; повторная доза на уже отравленную цель не действует и тратится; противоядие контрольный яд не снимает (снимает Рассеивание); внушение-яд — урон удара не прерывает, подлитое произносит подливший в течение минуты; Слово силы: боль — порог после урона; «Короткое» у Слабоумия — 15 дней; область-фигуру склянки кладут так, чтобы точка удара была внутри; Крепкая привязка у склянки — только к СЛ; Полное усиление без строки «На более высоких уровнях» недоступно; доза того же яда у другого бойца — свой спасбросок и урон заново; долгий отдых обнуляет токсичность только закончившихся эффектов. Яды 8.8+ на своей ступени (ПО 14+, иммунитет 22–38%) идут вровень с зарядами — не менять",Журнал решений.md,решение игрока
Ж-99,decision,recorded,"8.6, 9.3",06.10.2026,"Уточнения по проверке «за столом» (P2-04): темп контрольного яда — по попыткам, у яда без начального спасброска (Слово силы: боль) попытка — применение, одна за раунд от отравителя; порядок — сначала «действует ли яд уже» (тогда доза тратится), потом темп (лишнее попадание не тратит); защищает иммунитет к урону ядом или к состоянию «Отравлен»; нестабильную эссенцию можно переработать повторно один раз — 1 час, та же СЛ, срок от новой переработки, любой провал портит",Журнал решений.md,решение игрока
Ж-100,decision,recorded,"8.4, А.1, 8.6",06.10.2026,"Заряды и склянки — один рецепт на эссенцию для обоих классов (9 рецептов), на все уровни, исследование по модели чернил: прогресс до 100, попытка — 2 часа и травы на 30 зм; варить в пределах мастерства, выше — как вариант формулы; первая варка варианта — СЛ +2. Контрольный яд — по рецепту зарядов и склянок своей эссенции. Цена покупки — у мастера. Эликсиры-эффекты — по ступеням, как было. Причина: пробы зарядов по ценности основы делали редкие ступени в 4–5 раз дороже покупки",Журнал решений.md,решение игрока
Ж-101,decision,rejected,"3.2, 6.5",06.10.2026,"По внешней проверке 06.10 не вносить: (1) общее условие зачёта значимых исследований в рост мастерства (В-23 остаётся как был, зачёт — на усмотрение мастера); (2) вопрос мастеру о безопасной норме нагрузки и признаках усталости (6.5 остаётся как утвердил мастер). Долгая варка VI+ — отложено до мастерства 6 («Заметки на будущее»)",Журнал решений.md,отклонено
Ж-102,decision,recorded,"7.3, 8.6, 8.1, 8.10",06.10.2026,"По проверке документов Codex (06.10): (1) потолок характеристики от триггеров — 20 + 2 × порядок катализатора (22 / 24 / 26 / 28), как в выписанном ряду; (2) сопротивление к яду преимущества на спасбросок от контрольного яда не даёт, преимущество — только по тексту черты; (3) эссенция выше уровня годится для любых эликсиров, избыток теряется (как у чернил, 10.2)",Журнал решений.md,решение игрока
Ж-103,decision,recorded,"Корневая метка (памятка мастера v0.2), помощник, экономика",07.10.2026,"Провал на 1–4 в подходе проекта: половина итога без округления (итог 13 → +6,5 прогресса). Памятка об округлении молчит; так уже считают журнал «Помощника варки» и срок в экономике (правка Codex в helper-table-tools)",Журнал решений.md,решение игрока (пока)
Ж-104,decision,recorded,"8.4, глоссарий, ядро",08.10.2026,"СЛ +2 за непривычный рецепт действует на каждую попытку, пока вариант не освоен, то есть до первой удачной варки; провал вариант не закрепляет. Так же для масел, зарядов и контрольных ядов (Ж-83, Ж-100). Уточнение формулировки «первая варка»: смысл правила не менялся",Журнал решений.md,решение игрока
Ж-105,decision,recorded,"3.2, ядро",08.10.2026,"Уточнение: в рост мастерства засчитывается эликсир любого класса — эффект, заряд, метательная склянка, масло или мазь — как одно успешное зелье того же уровня. Смысл правила не менялся: заряды, склянки, масла и мази — классы эликсиров (8.8, 8.11)",Журнал решений.md,решение игрока
Ж-106,decision,recorded,"8.6, А.1, карточки",08.10.2026,"Контрольные заклинания — только ядом: 12 зарядов-основ контрольных ядов убраны из каталога (184 карточки), их номера не переиспользуются. Рецепт яда не меняется — общий рецепт зарядов и склянок эссенции (Ж-100), СЛ +2, пока вариант не освоен (Ж-104). Частично заменяет Ж-83 и Ж-84 (яд больше не «вариант доставки заряда» и не ссылается на свою карточку заряда)",Журнал решений.md,решение игрока
Ж-107,decision,recorded,"8.7, карточка «Левитация»",08.10.2026,"Левитация — не мягкая, токсичность 1: подъём на 20 фт над ближним боем на 10 минут без концентрации — защита, а не режим передвижения. Паук остаётся мягким. Остальные замечания внешнего отзыва 08.10 по балансу не вносить: Слабоумие как контрольный яд (проверка сочетаний 1.8, Ж-98), Огненный шар и Молния за 300 зм (решение игрока, 8.10), рост через партии до мастерства 3 (6.2), цены чернил и зарядов VI+ (ориентир мастера)",Журнал решений.md,решение игрока
Ж-108,decision,recorded,7.7,10.10.2026,Повышение зелья 9.9 → 10.10 на натуральной 20 пока допускается только с разрешения мастера. В расчётах вариант включён условно; разрешение и сюжетные условия не предполагаются автоматически,Журнал решений.md,решение игрока
Ж-109,decision,recorded,"2, экономика",10.10.2026,Нестабильный предмет продаётся за половину рыночной цены. Обычная ставка выкупа к этой половине повторно не применяется,Журнал решений.md,решение игрока
Ж-110,decision,recorded,экономика,10.10.2026,"85% — примерное значение для расчётов, не правило продажи и не новый вопрос на подтверждение. Фактическая продажа может быть за 90%, 95% или другую согласованную цену",Журнал решений.md,решение игрока
legacy-01,historical_question,recovered,Приложение Б,,Расход катализатора при провале,Вопросы v0.2 — Приложение Б.md,исторический вопрос; связь сейчас: —
legacy-02,historical_question,recovered,Приложение Б,,Пул очков чародейства,Вопросы v0.2 — Приложение Б.md,исторический вопрос; связь сейчас: —
legacy-03,historical_question,recovered,Приложение Б,,Партии зелий 6.6+,Вопросы v0.2 — Приложение Б.md,исторический вопрос; связь сейчас: —
legacy-04,historical_question,recovered,Приложение Б,,Время варки высоких зелий,Вопросы v0.2 — Приложение Б.md,исторический вопрос; связь сейчас: —
legacy-05,historical_question,recovered,Приложение Б,,Плоский бонус лечения,Вопросы v0.2 — Приложение Б.md,"исторический вопрос; связь сейчас: В-28, Ж-75"
legacy-06,historical_question,recovered,Приложение Б,,Натуральная 1 на основной проверке,Вопросы v0.2 — Приложение Б.md,исторический вопрос; связь сейчас: Ж-94
legacy-07,historical_question,recovered,Приложение Б,,Экономика качества и нестабильности,Вопросы v0.2 — Приложение Б.md,"исторический вопрос; связь сейчас: В-05, Ж-88, Ж-92, Ж-108, Ж-109, Ж-110"
legacy-08,historical_question,recovered,Приложение Б,,Эликсиры с двумя эссенциями,Вопросы v0.2 — Приложение Б.md,"исторический вопрос; связь сейчас: В-16, Ж-68"
legacy-09,historical_question,recovered,раздел 4,,Стакинг эликсиров и интоксикация,сводка_проекта_2026-10-01.md,"исторический вопрос; связь сейчас: В-04, В-11, В-12, Ж-62, Ж-91, Ж-107"
legacy-10,historical_question,recovered,раздел 4,,Базовый подход к конверсии заклинаний,сводка_проекта_2026-10-01.md,"исторический вопрос; связь сейчас: В-30, Ж-72"
legacy-11,historical_question,recovered,раздел 4,,Невидимость,сводка_проекта_2026-10-01.md,исторический вопрос; связь сейчас: —
legacy-12,historical_question,recovered,раздел 4,,Масштабируемые рецепты,сводка_проекта_2026-10-01.md,"исторический вопрос; связь сейчас: В-14, В-46, Ж-69, Ж-100, Ж-104"
legacy-13,historical_question,recovered,раздел 4,,Статус примеров из 8.5,сводка_проекта_2026-10-01.md,"исторический вопрос; связь сейчас: Ж-61, Ж-78"
legacy-14,historical_question,recovered,раздел 4,,Эликсиры у фамильяра,сводка_проекта_2026-10-01.md,"исторический вопрос; связь сейчас: В-20, Ж-70"
legacy-15,historical_question,recovered,раздел 4,,СЛ спасбросков эликсиров,сводка_проекта_2026-10-01.md,"исторический вопрос; связь сейчас: В-02, Ж-63"
legacy-16,historical_question,recovered,раздел 4,,Масла и мази,сводка_проекта_2026-10-01.md,"исторический вопрос; связь сейчас: Ж-56, Ж-89"
legacy-17,historical_question,recovered,раздел 4,,Типы эссенций,сводка_проекта_2026-10-01.md,"исторический вопрос; связь сейчас: В-26, В-34, Ж-57, Ж-72"
legacy-18,historical_question,recovered,раздел 4,,Перегруз IX,сводка_проекта_2026-10-01.md,исторический вопрос; связь сейчас: В-39
legacy-19,historical_question,recovered,раздел 4,,Эссенция Величия дракона,сводка_проекта_2026-10-01.md,"исторический вопрос; связь сейчас: В-36, Ж-72"
legacy-20,historical_question,recovered,раздел 4,,Преимущество,сводка_проекта_2026-10-01.md,исторический вопрос; связь сейчас: —
legacy-21,historical_question,recovered,раздел 4,,Цены эликсиров,сводка_проекта_2026-10-01.md,"исторический вопрос; связь сейчас: Ж-90, Ж-109, Ж-110"
legacy-22,historical_question,recovered,раздел 4,,Доступность полёта в мире,сводка_проекта_2026-10-01.md,исторический вопрос; связь сейчас: В-25
legacy-23,historical_question,recovered,раздел 4,,Метательные склянки,сводка_проекта_2026-10-01.md,"исторический вопрос; связь сейчас: В-09, В-42, Ж-80, Ж-100"
legacy-24,historical_question,recovered,раздел 4,,Заряды или баффы тоже,сводка_проекта_2026-10-01.md,"исторический вопрос; связь сейчас: В-03, Ж-64"
legacy-25,historical_question,recovered,раздел 4,,Цели эликсира-заклинания,сводка_проекта_2026-10-01.md,"исторический вопрос; связь сейчас: В-03, Ж-64"
legacy-26,historical_question,recovered,раздел 4,,Заряд и интоксикация,сводка_проекта_2026-10-01.md,"исторический вопрос; связь сейчас: В-11, В-46, Ж-100"
legacy-27,historical_question,recovered,раздел 4,,Напоить сопротивляющееся существо,сводка_проекта_2026-10-01.md,исторический вопрос; связь сейчас: В-10
legacy-28,historical_question,recovered,раздел 4,,Эликсиры против противоядий,сводка_проекта_2026-10-01.md,"исторический вопрос; связь сейчас: В-07, Ж-79, Ж-88, Ж-98"
legacy-29,historical_question,recovered,раздел 4,,Алхимическая концентрация,сводка_проекта_2026-10-01.md,"исторический вопрос; связь сейчас: В-11, В-12, Ж-107"
legacy-30,historical_question,recovered,раздел 4,,Компоненты и опознание,сводка_проекта_2026-10-01.md,"исторический вопрос; связь сейчас: В-20, В-45, Ж-70, Ж-86"
legacy-31,historical_question,recovered,раздел 4,,Рассеивание и Контрзаклинание,сводка_проекта_2026-10-01.md,исторический вопрос; связь сейчас: Ж-63
legacy-32,historical_question,recovered,раздел 4,,Цена эксперимента,сводка_проекта_2026-10-01.md,"исторический вопрос; связь сейчас: В-46, Ж-100, Ж-104"
legacy-33,historical_question,recovered,раздел 4,,Доступность катализаторов III–IV,сводка_проекта_2026-10-01.md,исторический вопрос; связь сейчас: Ж-87
legacy-34,historical_question,recovered,раздел 4,,Потери при нестабильности,сводка_проекта_2026-10-01.md,исторический вопрос; связь сейчас: Ж-60
legacy-35,historical_question,recovered,раздел 4,,Превышение потолка лаборатории,сводка_проекта_2026-10-01.md,"исторический вопрос; связь сейчас: В-14, Ж-69"
legacy-36,historical_question,recovered,раздел 4,,Подход к конверсии блокирует уровни 4–9,сводка_проекта_2026-10-01.md,"исторический вопрос; связь сейчас: В-24, В-30, Ж-72"
legacy-37,historical_question,recovered,раздел 4,,Дешёвые боевые эликсиры I–II,сводка_проекта_2026-10-01.md,исторический вопрос; связь сейчас: Ж-107
legacy-38,historical_question,recovered,раздел 4,,Большая склянка стихии,сводка_проекта_2026-10-01.md,"исторический вопрос; связь сейчас: В-09, Ж-107"
legacy-39,historical_question,recovered,раздел 4,,Дымная и слепящая смеси,сводка_проекта_2026-10-01.md,исторический вопрос; связь сейчас: —
В-01,question,open,"8, новый 8.14",,"**Магичен ли эффект эликсира?** Снимает ли «Рассеивание магии» выпитую Каменную кожу, Скорость, Полёт; подавляет ли эффект «Поле антимагии»; видит ли его «Обнаружение магии»; можно ли «Контрзаклинанием» сбить применение заряда. До 8.14 было прописано только для триггеров ядов (7.6) и «Сопротивления магии» (8.8)",Очередь вопросов мастеру.md,"решение игрока, ждёт мастера"
В-02,question,open,"8.8, карточки",,"**СЛ и бонус атаки эликсиров-эффектов** (Святилище, Маскировка, Пылающий клинок). 8.8 задаёт их только для зарядов и склянок; карточки ставят табличные «как ориентир». Огненное дыхание держит СЛ 13 из DMG при табличной 15 для III",Очередь вопросов мастеру.md,"решение игрока, ждёт мастера"
В-03,question,open,"8.6, 8.8, карточки",,"**Эликсир-эффект, который бьёт других.** Правило: эффекты на других доставляются зарядом или склянкой. Но эффектами сделаны Огненное дыхание (теперь один выдох конусом, III — по сути заряд), Звёздная корона, Доспехи Агатиса, Пылающий и Теневой клинки. Огненное дыхание закрыто решением игрока (один выдох, III, 100 зм)",Очередь вопросов мастеру.md,"решение игрока, ждёт мастера"
В-04,question,open,"8.7, карточки «Сноровка»",,"**Мягкие эликсиры и боевые проверки.** Инициатива — проверка Ловкости, захват и толчок — Атлетика, спрятаться в бою — Скрытность. «Сноровка: навык» (I) и «Сноровка: характеристика» (II) дают боевое преимущество на час без токсичности",Очередь вопросов мастеру.md,"решение игрока: остаются мягкими — эликсиры для предварительной подготовки; мастер может пересмотреть. Если выбрать альтернативу «работает в бою — значит токсичный», та же логика задевает мягкие «Видение невидимого» (II) и «Истинное зрение» (VI)"
В-05,question,partial,"7.7, 8.12; экономика v0.2, Б.7",,**Бонусы успеха на 5+ и натуральной 20: бросок или выбор.** Мастер в v0.2 решил: эффект выбирается броском 1к4 по списку. В v0.3 игрок выбирает бонус из списка без броска,Очередь вопросов мастеру.md,частично решено
В-06,question,open,7.5,,"**Урон и спасбросок ядов:** урон зеркален лечению, СЛ по таблице зарядов, спасбросок один раз на дозу — вместо таблицы мастера v0.2",Очередь вопросов мастеру.md,ждёт мастера
В-07,question,open,7.9,,"**Противоядия:** модель чернил, ступени и цены мастера, мастерство по нижнему полезному уровню; профилактика (час преимущества); яд выше ступени; рецепт по образцу яда; снимает ли контрольные яды",Очередь вопросов мастеру.md,ждёт мастера
В-08,question,open,"8.6, А.1",,**Контрольный яд.** Какие контрольные эффекты становятся ядами; срок до конца третьего хода цели вместо концентрации (Внушение — 1 час); иммунитет и сопротивление к яду; противоядие; «вылить на клинок» — только для контрольных или и для обычных ядов. Формула контрольного яда решена: вариант доставки заряда (Ж-83),Очередь вопросов мастеру.md,"временно принято (решение игрока, Ж-82): играем по 8.6 как есть, мастер может пересмотреть"
В-09,question,partial,"8.8, 8.12",,**Бросок склянки:** дальность 30 фт без деления на обычную и дальнюю; как обучиться метанию; оставить ли бонус «Дальний бросок» (60 фт),Очередь вопросов мастеру.md,частично решено
В-10,question,open,8.6,,**Спасбросок при вливании эликсира врагу:** Телосложение против 8 + БМ + Сила вливающего,Очередь вопросов мастеру.md,ждёт мастера
В-11,question,partial,"7.3, 8.7",,"**Токсичность триггеров и передозировка.** Триггеры зелий 6.6+ — каждые два сработавших дают 1 токсичность (1 → 0, 2–3 → 1, 4–5 → 2); передозировка — помеха и на спасброски концентрации, истощение при превышении на 3+",Очередь вопросов мастеру.md,"частично решено: интоксикация — согласовано; токсичность триггеров и передозировка — решение игрока, ждёт мастера"
В-12,question,open,8.9,,**Полёт и Далёкий шаг** подпадают под алхимическую концентрацию,Очередь вопросов мастеру.md,ждёт мастера
В-13,question,open,"8.8, 8.4",,"**«Сопротивление магии»** против зарядов и склянок — действует; **записи чужих рецептов** — подсказка +2, а не готовый рецепт",Очередь вопросов мастеру.md,ждёт мастера
В-14,question,open,"3.1, 8.3, 8.4",,"**Варка выше мастерства для формул.** 3.1 и 8.3 разрешают варить выше мастерства с СЛ +5 + разница. Но 8.4 даёт варианты формулы только «в пределах мастерства», а эксперимент выше мастерства запрещён: для формульных эликсиров путь «+5» не существует. Работает ли «+5» для купленной ступени формулы?",Очередь вопросов мастеру.md,"решение игрока, ждёт мастера"
В-15,question,closed,"8.10, 10.4; система свитков",,"**Расхождения со свитками.** 1) У свитков на привязку тратится 10% цены дорогого компонента, у зарядов (8.10) он не тратится. 2) У свитков дешёвые чернила ×0,75, качественные ×1,5, отличные ×2; у чернил алхимии цена по качеству (10.4) не задана. 3) У быстрых свитков −2 к каждому следующему за день, у зарядов дневного лимита нет",Очередь вопросов мастеру.md,решено (со слов игрока)
В-16,question,open,"8.4, карточки; экономика v0.2, Б.8",,"**Эликсиры с двумя эссенциями** (Героизм — Разум и Тело). Обе ли нужны в пробе, к какой формуле относится (А.1 ставит Героизм в Разум), как влияет на цену",Очередь вопросов мастеру.md,"решение игрока, ждёт мастера"
В-17,question,open,7.7,,"**Натуральная 20 «Выше уровнем».** Зелье на уровень выше варится без катализатора следующего уровня. Каким порядком катализатора умножаются триггеры у зелья 6.6, сваренного на катализаторе I? В рост мастерства какого уровня оно засчитывается?",Очередь вопросов мастеру.md,"решение игрока, ждёт мастера"
В-18,question,closed,"7.5, 7.6",,"**Нанесение ядов 1–5.** Правило нанесения (действие, 5 атак) записано только внутри 7.6 «Триггерные эффекты ядов 6.6–10.10». Формулировки расходятся: «ограниченное число попаданий» и «до 5 атак» (7.5), «5 атак — попал или нет» (7.6)",Очередь вопросов мастеру.md,решено мастером
В-19,question,closed,"6.5, справочник цен",,"**Продажа и рынок.** Цены — ориентир, у торговцев они разнятся. Гильдия по Пакту покупает за 75% (п. 3) и продаёт за 125% (п. 4); на деле она берёт за 75% и сваренное самими (свитки Лаэля), и добычу не из Собора. Закупаться у Гильдии — в последнюю очередь: травы и реактивы дают Мирта (травница) и Анариэль (алхимик, формально учитель Талиса)",Очередь вопросов мастеру.md,решено (со слов игрока)
В-20,question,open,8.6,,"**Опознание и фамильяр.** Как опознать неизвестный эликсир (проверка, СЛ, время, «Опознание»)? Действуют ли эликсиры на фамильяра и зверя-спутника, через что их вливать?",Очередь вопросов мастеру.md,"решение игрока, ждёт мастера"
В-21,question,open,6.3,,"**Долгая варка:** объёмы 90 / 240 / 500 и метки качества (±2); перерыв — неделя стабильна, дальше +1 дефект в неделю, через месяц испорчена. При 12 часах в неделю варка VIII (≈25 часов) идёт около 3 недель с чередованием: считать ли простоем неделю, в которой был хоть один подход?",Очередь вопросов мастеру.md,ждёт мастера
В-22,question,partial,6.4,,"**Одна активная варка; помощник** +2 при разнице мастерства не больше 2, цена 2 / 5 / 15 зм в день",Очередь вопросов мастеру.md,частично решено
В-23,question,open,3.2,,**Темп роста мастерства.** При 12 / 22 / 30 часах в неделю и только зельях своего уровня путь от мастерства 2 до 10 — около 32 / 18 / 13 недель без другой работы. Рациональный Талис варит чернила и заряды и почти не растёт. Устраивает ли темп?,Очередь вопросов мастеру.md,ждёт мастера
В-24,question,open,"А.3, справочник цен",,"**Заклинания 6–9 уровня:** красный список, серая и жёлтая полосы, зелёные кандидаты; цены зарядов 6–8",Очередь вопросов мастеру.md,ждёт мастера
В-25,question,open,"А.2, карточка «Полёт»",,"**Полёт** — VII; VI, если в мире продаются мётлы и ковры",Очередь вопросов мастеру.md,ждёт мастера
В-26,question,open,9.2,,"**«Эфир» от конструктов.** Дают ли «Эфир» магические конструкты (големы, оживлённые предметы, гомункулы, щитоносцы) — по опасности; механические конструкты эссенции не дают",Очередь вопросов мастеру.md,ждёт мастера
В-27,question,open,7.6,,"**«Сломленное тело»** вместо «Мгновенного убийства»: отдельный спасбросок, хиты до 0, раз за нанесение",Очередь вопросов мастеру.md,ждёт мастера
В-28,question,closed,"7.2, 7.5; экономика v0.2, Б.5",,**Плоский бонус лечения и урона** держится до последнего раунда (так посчитаны средние) или теряется первым?,Очередь вопросов мастеру.md,решено мастером (Ж-75)
В-29,question,open,"А.1, А.3, карточка",,"**«Неуязвимость»:** заклинание в красной полосе (А.3), а официальное зелье с тем же именем — VII в формуле Тела. Имя путает",Очередь вопросов мастеру.md,"решение игрока, ждёт мастера"
В-30,question,open,"Конверсия заклинаний, реестр",,"**«+1 уровень за снятие концентрации».** Реестр помечает Благословение, Божественное благоволение, Удар зефира, Теневой клинок, Крепость разума и другие как «+1 уровень за снятие концентрации (методика конверсии)», но в методике такого правила нет — только шкала «низкое / среднее / высокое / критическое»",Очередь вопросов мастеру.md,"решение игрока, ждёт мастера"
В-31,question,open,"9.3, 10.4",,"**Осечки в других модулях.** В 9.3 натуральная 1 — «малая алхимическая осечка», в 10.4 — «небольшое осложнение»; обе не ссылаются на таблицу раздела 2",Очередь вопросов мастеру.md,"решение игрока, ждёт мастера"
В-32,question,open,"7.3, 7.6",,**«Камнекожа» и «Тонкая кожа»** (к12 = 10): «урон от каждого удара» — только атаки или и урон заклинаниями и эффектами?,Очередь вопросов мастеру.md,"решение игрока, ждёт мастера"
В-33,question,open,карточка «Бутилированное дыхание»,,Считать ли мягким (токсичность 0) вариант задержки дыхания,Очередь вопросов мастеру.md,"решение игрока, ждёт мастера"
В-34,question,open,карточка «Сопротивление»,,"Эссенция для психического и физического урона (дробящий, колющий, рубящий). Некротика — «Смерть/душа», излучение и силовое поле — «Эфир» (решение игрока)",Очередь вопросов мастеру.md,"решение игрока, ждёт мастера"
В-35,question,open,карточка «Любовный напиток»,,Считать ли социальный эффект мягким (токсичность 0),Очередь вопросов мастеру.md,"решение игрока, ждёт мастера"
В-36,question,open,карточка «Величие дракона»,,"Эссенция, кроме чешуйки дракона",Очередь вопросов мастеру.md,"решение игрока, ждёт мастера"
В-37,question,open,карточка «Предсказание»,,Считать ли эликсир и заклинание одним источником для шанса 25%,Очередь вопросов мастеру.md,"решение игрока, ждёт мастера"
В-38,question,closed,все,,"**Статус «решений игрока».** Обязательны ли они для дальнейшего дизайна, или до подтверждения мастером это такие же предложения? Сейчас на них строятся расчёты, а в правилах рядом сохраняются альтернативы",Очередь вопросов мастеру.md,решено
В-39,question,open,"8.6, карточки e128, e190, e191",,"**«Контроль разума: чудовище» (IX)** — официальное зелье: эликсир-эффект, выпивший накладывает «Подчинение чудовища» на другого, 1 час без концентрации. Версии для зверя (IV) и гуманоида (V) — домашние контрольные яды (зарядов нет, Ж-106)",Очередь вопросов мастеру.md,ждёт мастера
В-40,question,open,"карточки, «Не эликсиры и убранные»",,"**«Снотворное» и «Ядовитый плевок»** отправлены в модуль ядов мастера, но в модуле ядов их нет",Очередь вопросов мастеру.md,ждёт мастера
В-41,question,open,"8.6, Ж-55",,**Сопротивление к яду и контрольный яд.** Правила: иммунитет к яду защищает; сопротивление — см. вариант. В обычной 5e сопротивление урону ядом преимущества на спасбросок не даёт,Очередь вопросов мастеру.md,"решение игрока, ждёт мастера"
В-42,question,open,8.8,,"**Метамагия на заряды.** Заряд действует «как если бы применивший наложил заклинание», но это не накладывание. Работает ли метамагия чародея (Усиленное, Аккуратное и др.) на заряды и склянки?",Очередь вопросов мастеру.md,"решение игрока, ждёт мастера"
В-43,question,open,правило 1,,"**Тиара и временное повышение Интеллекта.** Тиары у мастера прибавляют к значению (+2…+8, как в Pathfinder). Складывается ли тиара с временным повышением (эликсир, триггер, «Усиление характеристики» Фаэнона, если оно даёт +2)?",Очередь вопросов мастеру.md,ждёт мастера
В-44,question,open,"8.10, 7.9",,"**Уровень трав в зарядах, склянках и противоядиях.** Для чернил травы не ниже уровня набора, выше можно (правило мастера). Действует ли то же для зарядов, склянок и масел кары, где травы тоже смешиваются по ценности (8.10 ссылается на матрицу чернил), и для противоядий, которые варятся по образцу чернил",Очередь вопросов мастеру.md,ждёт мастера
В-45,question,open,"8.10, карточка «Силовая клетка»",,"**Рубиновая пыль Силовой клетки.** По PHB 2014 пыль 1 500 зм не расходуется, а в карточке расходуется при каждой варке сверх цены",Очередь вопросов мастеру.md,ждёт мастера
В-46,question,open,"8.4, А.1",,"**Рецепты зарядов и склянок.** Решение игрока (Ж-100): заряд и склянка одной эссенции — один рецепт на все уровни, исследование как у чернил (100 прогресса, попытка — 2 часа и травы на 30 зм). Причина: пробы по ценности основы делали редкую ступень заряда в 4–5 раз дороже покупки. **Сколько стоит купить такой рецепт?**",Очередь вопросов мастеру.md,"решение игрока, ждёт мастера"
