id,название,уровень,редкость,класс,формула,эссенция,основа,травы (число или ценность),токсичность,алхимическая концентрация,"цена, зм",источник,статус,задачи,карточка
e017,Доспехи Агатиса,I,обычный,эликсир-эффект,Эликсир Стихии,Стихия: холод I,ядовитая,1 ядовитая трава I,1,нет,15,"заклинание «Доспехи Агатиса» (PHB, 1 ур.; на себя, 1 час)",домашний рецепт,"Защита, Урон",Карточки эликсиров.md#e017
e015,Доспехи мага,I,обычный,эликсир-эффект,Эликсир Тела,Тело I,лечебная,1 лечебная трава I,1,нет,10,"заклинание «Доспехи мага» (PHB, 1 ур.; касание, 8 часов)",домашний рецепт,Защита,Карточки эликсиров.md#e015
e001,Лазание,I,обычный,эликсир-эффект,Эликсир Движения,Движение I,лечебная,1 лечебная трава I,"0 (мягкий, 8.7)",нет,10,DMG: Potion of Climbing,"официальный, эффект по тексту источника",Передвижение,Карточки эликсиров.md#e001
e016,Ложная жизнь,I,обычный,эликсир-эффект,Эликсир Смерти/души,Смерть/душа I,лечебная,1 лечебная трава I,1,нет,10,"заклинание «Псевдожизнь» (PHB, 1 ур.; на себя, 1 час)",домашний рецепт,Защита,Карточки эликсиров.md#e016
e024,Маскировка,I,обычный,эликсир-эффект,Эликсир Покрова,Покров I,лечебная,1 лечебная трава I,"0 (мягкий, 8.7)",нет,15,"заклинание «Маскировка» (PHB, 1 ур.; на себя, 1 час)",домашний рецепт,"Разведка, Общение",Карточки эликсиров.md#e024
e020,Обнаружение добра и зла,I,обычный,эликсир-эффект,Эликсир Чувств,Чувства I,лечебная,1 лечебная трава I,"0 (мягкий, 8.7)",нет,10,"заклинание «Обнаружение добра и зла» (PHB, 1 ур.; на себя, концентрация, 10 минут)",домашний рецепт,Разведка,Карточки эликсиров.md#e020
e019,Обнаружение магии,I,обычный,эликсир-эффект,Эликсир Чувств,Чувства I,лечебная,1 лечебная трава I,"0 (мягкий, 8.7)",нет,10,"заклинание «Обнаружение магии» (PHB, 1 ур.; на себя, концентрация, 10 минут)",домашний рецепт,Разведка,Карточки эликсиров.md#e019
e021,Обнаружение ядов и болезней,I,обычный,эликсир-эффект,Эликсир Чувств,Чувства I,лечебная,1 лечебная трава I,"0 (мягкий, 8.7)",нет,10,"заклинание «Обнаружение болезней и яда» (PHB, 1 ур.; на себя, концентрация, 10 минут)",домашний рецепт,Разведка,Карточки эликсиров.md#e021
e022,Опознание,I,обычный,эликсир-эффект,Эликсир Чувств,Чувства I,лечебная,1 лечебная трава I,"0 (мягкий, 8.7)",нет,15,"заклинание «Опознание» (PHB, 1 ур.; 1 минута, касание)",домашний рецепт,Разведка,Карточки эликсиров.md#e022
e006,Падение пёрышком,I,обычный,эликсир-эффект,Эликсир Движения,Движение I,лечебная,1 лечебная трава I,"0 (мягкий, 8.7)",нет,10,"заклинание «Падение пёрышком» (PHB, 1 ур.; реакция, до 5 существ в 60 фт, 1 минута)",домашний рецепт,"Передвижение, Защита",Карточки эликсиров.md#e006
e002,Плавание,I,обычный,эликсир-эффект,Эликсир Воды/дыхания,Вода/дыхание I,лечебная,1 лечебная трава I,"0 (мягкий, 8.7)",нет,10,DMG 3.5 (зелье плавания),домашний рецепт,Передвижение,Карточки эликсиров.md#e002
e023,Понимание языков,I,обычный,эликсир-эффект,Эликсир Разума,Разум I,лечебная,1 лечебная трава I,"0 (мягкий, 8.7)",нет,10,"заклинание «Понимание языков» (PHB, 1 ур.; на себя, 1 час)",домашний рецепт,Общение,Карточки эликсиров.md#e023
e004,Прыжок,I,обычный,эликсир-эффект,Эликсир Движения,Движение I,лечебная,1 лечебная трава I,"0 (мягкий, 8.7)",нет,10,"заклинание «Прыжок» (PHB, 1 ур.; касание, 1 минута)",домашний рецепт,Передвижение,Карточки эликсиров.md#e004
e025,Разговор с животными,I,обычный,эликсир-эффект,Эликсир Разума,Разум I,лечебная,1 лечебная трава I,"0 (мягкий, 8.7)",нет,10,"заклинание «Разговор с животными» (PHB, 1 ур.; на себя, 10 минут)",домашний рецепт,Общение,Карточки эликсиров.md#e025
e018,Святилище,I,обычный,эликсир-эффект,Эликсир Разума,Разум I,лечебная,1 лечебная трава I,1,нет,15,"заклинание «Убежище» (PHB, 1 ур.; бонусное действие, 30 фт, 1 минута)",домашний рецепт,Защита,Карточки эликсиров.md#e018
e003,Скороход,I,обычный,эликсир-эффект,Эликсир Движения,Движение I,лечебная,1 лечебная трава I,1,нет,10,"заклинание «Скороход» (PHB, 1 ур.; касание, 1 час)",домашний рецепт,Передвижение,Карточки эликсиров.md#e003
e005,Сноровка: навык,I,обычный,эликсир-эффект,Эликсир Сноровки,"по характеристике навыка, I (Сила и Телосложение — Тело, Ловкость — Движение, Скрытность — Покров, Внимательность — Чувства, Интеллект, Мудрость и Харизма — Разум)",лечебная,1 лечебная трава I,"0 (мягкий, 8.7)",нет,15,"DMG 3.5 (зелья навыков: Скрытность, Бесшумность, Акробатика, Зоркость)",домашний рецепт,"Усиление, Утилита",Карточки эликсиров.md#e005
e026,Сытость,I,обычный,эликсир-эффект,Эликсир Тела,Тело I,лечебная,1 лечебная трава I,"0 (мягкий, 8.7)",нет,10,"заклинание «Чудесные ягоды» (PHB, 1 ур.)",домашний рецепт,Утилита,Карточки эликсиров.md#e026
e013,Безудержный смех,I,обычный,заряд,Заряд Разума,Разум I,ядовитая,ядовитые травы на 10 зм (по ценности),1,нет,30,"заклинание «Жуткий смех Таши» (PHB, 1 ур.; 30 фт, концентрация, 1 минута)",домашний рецепт,"Контроль, Контрольный яд",Карточки эликсиров.md#e013
e011,Выброс тьмы,I,обычный,заряд,Заряд Смерти/души,Смерть/душа I,ядовитая,ядовитые травы на 10 зм (по ценности),1,нет,30,"заклинание «Руки Хадара» (PHB, 1 ур.; радиус 10 фт, мгновенно)",домашний рецепт,Урон,Карточки эликсиров.md#e011
e010,Громовой выдох,I,обычный,заряд,Заряд Стихии,Стихия: звук I,ядовитая,ядовитые травы на 10 зм (по ценности),1,нет,30,"заклинание «Волна грома» (PHB, 1 ур.; куб 15 фт, мгновенно)",домашний рецепт,"Урон, Контроль",Карточки эликсиров.md#e010
e012,Некротическое касание,I,обычный,заряд,Заряд Смерти/души,Смерть/душа I,ядовитая,ядовитые травы на 10 зм (по ценности),1,нет,30,"заклинание «Нанесение ран» (PHB, 1 ур.; касание, мгновенно)",домашний рецепт,Урон,Карточки эликсиров.md#e012
e009,Огненный выдох,I,обычный,заряд,Заряд Стихии,Стихия: огонь I,ядовитая,ядовитые травы на 10 зм (по ценности),1,нет,30,"заклинание «Огненные ладони» (PHB, 1 ур.; конус 15 фт, мгновенно)",домашний рецепт,Урон,Карточки эликсиров.md#e009
e185,Яд: безудержный смех,I,обычный,контрольный яд,Заряд Разума,Разум I,ядовитая,ядовитые травы на 10 зм (по ценности),через рану — нет; выпитый или съеденный — 1,нет,30,"заклинание «Жуткий смех Таши» (PHB, 1 ур.; 30 фт, концентрация, 1 минута) — контрольный яд (8.6)",домашний рецепт,"Контрольный яд, Контроль",Карточки эликсиров.md#e185
e014,Ответный огонь,I,обычный,заряд-реакция,Заряд Стихии,Стихия: огонь I,ядовитая,ядовитые травы на 10 зм (по ценности),1,нет,30,"заклинание «Адское возмездие» (PHB, 1 ур.; реакция, 60 фт, мгновенно)",домашний рецепт,Урон,Карточки эликсиров.md#e014
e008,Поглощение стихий,I,обычный,заряд-реакция,Заряд Стихии,Стихия I,лечебная,лечебные травы на 10 зм (по ценности),1,нет,30,"заклинание «Поглощение стихий» (XGE, 1 ур.; реакция, на себя, 1 раунд)",домашний рецепт,"Защита, Урон",Карточки эликсиров.md#e008
e007,Щит,I,обычный,заряд-реакция,Заряд Тела,Тело I,лечебная,лечебные травы на 10 зм (по ценности),1,нет,30,"заклинание «Щит» (PHB, 1 ур.; реакция, на себя, 1 раунд)",домашний рецепт,Защита,Карточки эликсиров.md#e007
e136,Склянка покрова: туман,I,обычный,метательная склянка,Склянка Покрова,Покров I,ядовитая,ядовитые травы на 10 зм (по ценности),0 (склянку не пьют),нет,30,"заклинание «Туманное облако» (PHB, 1 ур.; 120 фт, концентрация, 1 час)",домашний рецепт,"Контроль, Защита",Карточки эликсиров.md#e136
e138,Сковывающая склянка: скольжение,I,обычный,метательная склянка,Склянка Движения,Движение I,ядовитая,ядовитые травы на 10 зм (по ценности),0 (склянку не пьют),нет,30,"заклинание «Скольжение» (PHB, 1 ур.; 60 фт, 1 минута)",домашний рецепт,Контроль,Карточки эликсиров.md#e138
e133,Масло кары: гневная,I,обычный,масло кары,Масла и мази,Разум I,ядовитая,ядовитые травы на 10 зм (по ценности),0 (масло не пьют; альтернатива — как заряды),нет,30,"заклинание «Гневная кара» (PHB, 1 ур.; бонусное действие, концентрация, 1 минута)",домашний рецепт,"Урон, Контроль",Карточки эликсиров.md#e133
e132,Масло кары: громовая,I,обычный,масло кары,Масла и мази,Стихия: звук I,ядовитая,ядовитые травы на 10 зм (по ценности),0 (масло не пьют; альтернатива — как заряды),нет,30,"заклинание «Громовая кара» (PHB, 1 ур.; бонусное действие, концентрация, 1 минута)",домашний рецепт,"Урон, Контроль",Карточки эликсиров.md#e132
e027,Бдительный отдых,II,обычный,эликсир-эффект,Эликсир Разума,Разум II,лечебная,2 лечебные травы II,"0 (мягкий, 8.7; альтернатива — не мягкий)",нет,20,WDMM: Potion of Watchful Rest,"официальный, эффект по тексту источника",Утилита,Карточки эликсиров.md#e027
e040,Бесследное передвижение,II,обычный,эликсир-эффект,Эликсир Покрова,Покров II,лечебная,2 лечебные травы II,"0 (мягкий, 8.7)",нет,25,"заклинание «Бесследное передвижение» (PHB, 2 ур.; на себя и союзников в 30 фт, концентрация, 1 час)",домашний рецепт,"Передвижение, Разведка",Карточки эликсиров.md#e040
e031,Благословение,II,обычный,эликсир-эффект,Эликсир Разума,Разум II,лечебная,2 лечебные травы II,1,да,25,"заклинание «Благословение» (PHB, 1 ур.; до 3 существ в 30 фт, концентрация, 1 минута)",домашний рецепт,Усиление,Карточки эликсиров.md#e031
e032,Божественное благоволение,II,обычный,эликсир-эффект,Эликсир Эфира,Эфир II,лечебная,2 лечебные травы II,1,да,20,"заклинание «Божественное благоволение» (PHB, 1 ур.; бонусное действие, на себя, концентрация, 1 минута)",домашний рецепт,"Усиление, Урон",Карточки эликсиров.md#e032
e041,Видение невидимого,II,обычный,эликсир-эффект,Эликсир Чувств,Чувства II,лечебная,2 лечебные травы II,"0 (мягкий, 8.7)",нет,20,"заклинание «Видение невидимого» (PHB, 2 ур.; на себя, 1 час)",домашний рецепт,Разведка,Карточки эликсиров.md#e041
e058,Дружба с животными,II,обычный,эликсир-эффект,Эликсир Разума,Разум II,лечебная,2 лечебные травы II,"0 (мягкий, 8.7)",нет,20,"DMG: Potion of Animal Friendship; заклинание «Дружба с животными» (PHB, 1 ур.)","официальный, изменён: уровень III → II",Общение,Карточки эликсиров.md#e058
e033,Дубовая кора,II,обычный,эликсир-эффект,Эликсир Тела,Тело II,лечебная,2 лечебные травы II,1,да,25,"заклинание «Дубовая кора» (PHB, 2 ур.; касание, концентрация, 1 час)",домашний рецепт,Защита,Карточки эликсиров.md#e033
e039,Кинетический рывок,II,обычный,эликсир-эффект,Эликсир Движения,Движение II,лечебная,2 лечебные травы II,1,нет,25,"заклинание «Кинетический рывок» (Strixhaven, 2 ур.; бонусное действие, на себя, концентрация, 1 минута)",домашний рецепт,Передвижение,Карточки эликсиров.md#e039
e038,Левитация,II,обычный,эликсир-эффект,Эликсир Движения,Движение II,лечебная,2 лечебные травы II,"0 (мягкий, 8.7)",нет,20,"заклинание «Левитация» (PHB, 2 ур.; 60 фт, концентрация, 10 минут)",домашний рецепт,Передвижение,Карточки эликсиров.md#e038
e046,Малое восстановление,II,обычный,эликсир-эффект,Эликсир Тела,Тело II,лечебная,2 лечебные травы II,"0 (мягкий, 8.7; альтернатива — токсичность до короткого отдыха)",нет,25,"заклинание «Малое восстановление» (PHB, 2 ур.; касание, мгновенно)",домашний рецепт,Восстановление,Карточки эликсиров.md#e046
e037,Паук,II,обычный,эликсир-эффект,Эликсир Движения,Движение II,лечебная,2 лечебные травы II,"0 (мягкий, 8.7)",нет,20,"заклинание «Паучье лазание» (PHB, 2 ур.; касание, концентрация, 1 час)",домашний рецепт,Передвижение,Карточки эликсиров.md#e037
e063,Подмога,II,обычный,эликсир-эффект,Эликсир Тела,Тело II,лечебная,2 лечебные травы II,1,нет,25,"заклинание «Подмога» (PHB, 2 ур.; до 3 существ в 30 фт, 8 часов)",домашний рецепт,Защита,Карточки эликсиров.md#e063
e044,Поиск животных и растений,II,обычный,эликсир-эффект,Эликсир Чувств,Чувства II,лечебная,2 лечебные травы II,"0 (мягкий, 8.7)",нет,20,"заклинание «Поиск животных или растений» (PHB, 2 ур.; на себя, мгновенно)",домашний рецепт,Разведка,Карточки эликсиров.md#e044
e043,Поиск ловушек,II,обычный,эликсир-эффект,Эликсир Чувств,Чувства II,лечебная,2 лечебные травы II,"0 (мягкий, 8.7)",нет,20,"заклинание «Поиск ловушек» (PHB, 2 ур.; 120 фт, мгновенно)",домашний рецепт,Разведка,Карточки эликсиров.md#e043
e042,Поиск предметов,II,обычный,эликсир-эффект,Эликсир Чувств,Чувства II,лечебная,2 лечебные травы II,"0 (мягкий, 8.7)",нет,20,"заклинание «Поиск предмета» (PHB, 2 ур.; на себя, концентрация, 10 минут)",домашний рецепт,Разведка,Карточки эликсиров.md#e042
e034,Поспешное отступление,II,обычный,эликсир-эффект,Эликсир Движения,Движение II,лечебная,2 лечебные травы II,1,нет,20,"заклинание «Поспешное отступление» (PHB, 1 ур.; бонусное действие, на себя, концентрация, 10 минут)",домашний рецепт,Передвижение,Карточки эликсиров.md#e034
e045,Предсказание,II,обычный,эликсир-эффект,Эликсир Чувств,Чувства II,лечебная,2 лечебные травы II,"0 (мягкий, 8.7)",нет,25,"заклинание «Гадание» (PHB, 2 ур.; 1 минута, на себя, мгновенно)",домашний рецепт,Разведка,Карточки эликсиров.md#e045
e048,Пылающий клинок,II,обычный,эликсир-эффект,Эликсир Стихии,Стихия: огонь II,ядовитая,2 ядовитые травы II,1,да,25,"заклинание «Огненный клинок» (PHB, 2 ур.; бонусное действие, на себя, концентрация, 10 минут)",домашний рецепт,Урон,Карточки эликсиров.md#e048
e028,Сноровка: характеристика,II,обычный,эликсир-эффект,Эликсир Сноровки,"по характеристике, II (Сила и Телосложение — Тело, Ловкость — Движение, Скрытность — Покров, Внимательность — Чувства, Интеллект, Мудрость и Харизма — Разум)",лечебная,2 лечебные травы II,0 (мягкий); вариант «Телосложение» — 1 (8.7),нет,25,"заклинание «Усиление характеристики» (PHB, 2 ур.; касание, концентрация, 1 час)",домашний рецепт,Усиление,Карточки эликсиров.md#e028
e029,Тёмное зрение,II,обычный,эликсир-эффект,Эликсир Чувств,Чувства II,лечебная,2 лечебные травы II,"0 (мягкий, 8.7)",нет,20,"заклинание «Тёмное зрение» (PHB, 2 ур.; касание, 8 часов)",домашний рецепт,Разведка,Карточки эликсиров.md#e029
e035,Удар зефира,II,обычный,эликсир-эффект,Эликсир Движения,Движение II,лечебная,2 лечебные травы II,1,да,20,"заклинание «Удар Зефира» (XGE, 1 ур.; бонусное действие, на себя, концентрация, 1 минута)",домашний рецепт,"Передвижение, Урон",Карточки эликсиров.md#e035
e176,Хождение по воде,II,обычный,эликсир-эффект,Эликсир Воды/дыхания,Вода/дыхание II,лечебная,2 лечебные травы II,"0 (мягкий, 8.7)",нет,25,"заклинание «Хождение по воде» (PHB, 3 ур.; 30 фт, до 10 существ, 1 час)",домашний рецепт,Передвижение,Карточки эликсиров.md#e176
e036,Шаг сквозь туман,II,обычный,эликсир-эффект,Эликсир Движения,Движение II,лечебная,2 лечебные травы II,1,нет,25,"заклинание «Туманный шаг» (PHB, 2 ур.; бонусное действие, на себя, мгновенно)",домашний рецепт,Передвижение,Карточки эликсиров.md#e036
e064,Щит веры,II,обычный,эликсир-эффект,Эликсир Тела,Тело II,лечебная,2 лечебные травы II,1,да,25,"заклинание «Щит веры» (PHB, 1 ур.; бонусное действие, 60 фт, концентрация, 10 минут)",домашний рецепт,Защита,Карточки эликсиров.md#e064
e177,Эликсир жизни Мургаксора,II,обычный,эликсир-эффект,Эликсир Смерти/души,Смерть/душа II,лечебная,2 лечебные травы II,1,нет,25,Strixhaven (SCC): Murgaxor's Elixir of Life,"официальный, эффект по тексту источника",Защита,Карточки эликсиров.md#e177
e030,Эликсир правды,II,обычный,эликсир-эффект,Эликсир Разума,Разум II,ядовитая,2 ядовитые травы II,"0 (мягкий, 8.7)",нет,25,"DMG 3.5; аналог — заклинание «Область истины» (PHB, 2 ур.; сфера 15 фт, 10 минут)",домашний рецепт,Общение,Карточки эликсиров.md#e030
e052,Внушение,II,обычный,заряд,Заряд Разума,Разум II,ядовитая,ядовитые травы на 40 зм (по ценности),1,нет,120,"заклинание «Внушение» (PHB, 2 ур.; 30 фт, концентрация, до 8 часов)",домашний рецепт,"Контроль, Общение, Контрольный яд",Карточки эликсиров.md#e052
e053,Луч слабости,II,обычный,заряд,Заряд Тела,Тело II,ядовитая,ядовитые травы на 40 зм (по ценности),1,нет,120,"заклинание «Луч слабости» (PHB, 2 ур.; 60 фт, концентрация, 1 минута)",домашний рецепт,"Контроль, Контрольный яд",Карточки эликсиров.md#e053
e050,Психическая плеть,II,обычный,заряд,Заряд Разума,Разум II,ядовитая,ядовитые травы на 40 зм (по ценности),1,нет,120,"заклинание «Психическая плеть Таши» (TCE, 2 ур.; 90 фт, 1 раунд)",домашний рецепт,"Урон, Контроль",Карточки эликсиров.md#e050
e049,Слепота/глухота,II,обычный,заряд,Заряд Чувств,Чувства II,ядовитая,ядовитые травы на 40 зм (по ценности),1,нет,120,"заклинание «Слепота/глухота» (PHB, 2 ур.; 30 фт, 1 минута)",домашний рецепт,"Контроль, Контрольный яд",Карточки эликсиров.md#e049
e051,Удержание личности,II,обычный,заряд,Заряд Разума,Разум II,ядовитая,ядовитые травы на 40 зм (по ценности),1,нет,120,"заклинание «Удержание личности» (PHB, 2 ур.; 60 фт, концентрация, 1 минута)",домашний рецепт,"Контроль, Контрольный яд",Карточки эликсиров.md#e051
e187,Яд: внушение,II,обычный,контрольный яд,Заряд Разума,Разум II,ядовитая,ядовитые травы на 40 зм (по ценности),через рану — нет; выпитый или съеденный — 1,нет,120,"заклинание «Внушение» (PHB, 2 ур.; 30 фт, концентрация, до 8 часов) — контрольный яд (8.6)",домашний рецепт,"Контрольный яд, Общение",Карточки эликсиров.md#e187
e188,Яд: луч слабости,II,обычный,контрольный яд,Заряд Тела,Тело II,ядовитая,ядовитые травы на 40 зм (по ценности),через рану — нет; выпитый или съеденный — 1,нет,120,"заклинание «Луч слабости» (PHB, 2 ур.; 60 фт, концентрация, 1 минута) — контрольный яд (8.6)",домашний рецепт,"Контрольный яд, Контроль",Карточки эликсиров.md#e188
e189,Яд: слепота/глухота,II,обычный,контрольный яд,Заряд Чувств,Чувства II,ядовитая,ядовитые травы на 40 зм (по ценности),через рану — нет; выпитый или съеденный — 1,нет,120,"заклинание «Слепота/глухота» (PHB, 2 ур.; 30 фт, 1 минута) — контрольный яд (8.6)",домашний рецепт,"Контрольный яд, Контроль",Карточки эликсиров.md#e189
e186,Яд: удержание личности,II,обычный,контрольный яд,Заряд Разума,Разум II,ядовитая,ядовитые травы на 40 зм (по ценности),через рану — нет; выпитый или съеденный — 1,нет,120,"заклинание «Удержание личности» (PHB, 2 ур.; 60 фт, концентрация, 1 минута) — контрольный яд (8.6)",домашний рецепт,"Контрольный яд, Контроль",Карточки эликсиров.md#e186
e057,Склянка покрова: тишина,II,обычный,метательная склянка,Склянка Покрова,Покров II,ядовитая,ядовитые травы на 40 зм (по ценности),0 (склянку не пьют),нет,120,"заклинание «Тишина» (PHB, 2 ур.; 120 фт, концентрация, 10 минут)",домашний рецепт,Контроль,Карточки эликсиров.md#e057
e056,Склянка покрова: тьма,II,обычный,метательная склянка,Склянка Покрова,Покров II,ядовитая,ядовитые травы на 40 зм (по ценности),0 (склянку не пьют),нет,120,"заклинание «Тьма» (PHB, 2 ур.; 60 фт, концентрация, 10 минут)",домашний рецепт,"Контроль, Защита",Карточки эликсиров.md#e056
e054,Склянка стихии: малая,II,обычный,метательная склянка,Склянка Стихии,Стихия II,ядовитая,ядовитые травы на 40 зм (по ценности),0 (склянку не пьют),нет,120,"заклинания «Дребезги», «Палящий луч Аганаццара», «Снежный шквал Снилока», «Кислотная стрела Мелфа» (2 ур.)",домашний рецепт,Урон,Карточки эликсиров.md#e054
e055,Сковывающая склянка: паутина,II,обычный,метательная склянка,Склянка Движения,Движение II,ядовитая,ядовитые травы на 40 зм (по ценности),0 (склянку не пьют),нет,120,"заклинание «Паутина» (PHB, 2 ур.; 60 фт, концентрация, 1 час)",домашний рецепт,Контроль,Карточки эликсиров.md#e055
e134,Масло кары: клеймящая,II,обычный,масло кары,Масла и мази,Эфир II,ядовитая,ядовитые травы на 40 зм (по ценности),0 (масло не пьют; альтернатива — как заряды),нет,120,"заклинание «Клеймящая кара» (PHB, 2 ур.; бонусное действие, концентрация, 1 минута)",домашний рецепт,Урон,Карточки эликсиров.md#e134
e047,Бальзам нетленности,II,обычный,мазь,Масла и мази,Смерть/душа II,лечебная,2 лечебные травы II,0 (мазь не пьют),нет,20,"заклинание «Нетленные останки» (PHB, 2 ур.; касание, 10 дней)",домашний рецепт,Утилита,Карточки эликсиров.md#e047
e060,Бутилированное дыхание,III,необычный,эликсир-эффект,Эликсир Стихии,Стихия: звук (воздух) III,лечебная,3 лечебные травы III,"2; вариант «Задержать» — 0 (мягкий, 8.7)",нет,40,PotA: Bottled Breath; канон 8.5,"официальный, эффект по тексту источника","Утилита, Контроль",Карточки эликсиров.md#e060
e059,Водное дыхание,III,необычный,эликсир-эффект,Эликсир Воды/дыхания,Вода/дыхание III,лечебная,3 лечебные травы III,"0 (мягкий, 8.7)",нет,35,DMG: Potion of Water Breathing,"официальный, эффект по тексту источника",Передвижение,Карточки эликсиров.md#e059
e073,Дрёма,III,необычный,эликсир-эффект,Эликсир Разума,Разум III,лечебная,3 лечебные травы III,"2 (не мягкий, 8.7)",нет,40,"заклинание «Кошачий сон» (XGE, 3 ур.; до 3 согласных существ в 30 фт, 10 минут)",домашний рецепт,Восстановление,Карточки эликсиров.md#e073
e067,Защита от добра и зла,III,необычный,эликсир-эффект,Эликсир Смерти/души,Смерть/душа III,лечебная,3 лечебные травы III,2,да,50,"заклинание «Защита от добра и зла» (PHB, 1 ур.; касание, концентрация, 10 минут)",домашний рецепт,Защита,Карточки эликсиров.md#e067
e079,Зеркальные образы,III,необычный,эликсир-эффект,Эликсир Покрова,Покров III,лечебная,3 лечебные травы III,2,нет,45,"заклинание «Отражения» (PHB, 2 ур.; на себя, 1 минута)",домашний рецепт,Защита,Карточки эликсиров.md#e079
e062,Кулачный бой,III,необычный,эликсир-эффект,Эликсир Тела,Тело III,ядовитая,3 ядовитые травы III,2,нет,30,DMG 2024: Potion of Pugilism,"официальный, эффект по тексту источника","Урон, Усиление",Карточки эликсиров.md#e062
e070,Мерцание,III,необычный,эликсир-эффект,Эликсир Покрова,Покров III,лечебная,3 лечебные травы III,2,нет,50,"заклинание «Мерцание» (PHB, 3 ур.; на себя, 1 минута)",домашний рецепт,Защита,Карточки эликсиров.md#e070
e066,Необнаружимость,III,необычный,эликсир-эффект,Эликсир Покрова,Покров III,лечебная,3 лечебные травы III,"0 (мягкий, 8.7; альтернатива — не мягкий)",нет,70,"заклинание «Необнаружимость» (PHB, 3 ур.; касание, 8 часов)",домашний рецепт,"Защита, Разведка",Карточки эликсиров.md#e066
e095,Огненное дыхание,III,необычный,эликсир-эффект,Эликсир Стихии,Стихия: огонь III,ядовитая,3 ядовитые травы III,2,нет,100,DMG: Potion of Fire Breath; канон 8.5,"официальный, изменён: уровень V → III; один выдох конусом 15 фт вместо трёх по одной цели в 30 фт",Урон,Карточки эликсиров.md#e095
e061,Психическая стойкость,III,необычный,эликсир-эффект,Эликсир Разума,Разум III,лечебная,3 лечебные травы III,"2 (не мягкий, 8.7)",нет,45,PaBTSO: Potion of Psionic Fortitude,"официальный, эффект по тексту источника",Защита,Карточки эликсиров.md#e061
e071,Разговор с мёртвыми,III,необычный,эликсир-эффект,Эликсир Смерти/души,Смерть/душа III,лечебная,3 лечебные травы III,"0 (мягкий, 8.7)",нет,40,"заклинание «Разговор с мёртвыми» (PHB, 3 ур.; 10 фт, 10 минут)",домашний рецепт,"Общение, Разведка",Карточки эликсиров.md#e071
e081,Рост,III,необычный,эликсир-эффект,Эликсир Тела,Тело III,лечебная,3 лечебные травы III,2,да,35,"DMG: Potion of Growth; заклинание «Увеличение/уменьшение» (PHB, 2 ур.)","официальный, изменён: уровень IV → III",Усиление,Карточки эликсиров.md#e081
e072,Снятие проклятия,III,необычный,эликсир-эффект,Эликсир Смерти/души,Смерть/душа III,лечебная,3 лечебные травы III,"0 (мягкий, 8.7; альтернатива — токсичность до короткого отдыха)",нет,40,"заклинание «Снятие проклятия» (PHB, 3 ур.; касание, мгновенно)",домашний рецепт,Восстановление,Карточки эликсиров.md#e072
e080,Сопротивление,III,необычный,эликсир-эффект,Эликсир Стихии,"Стихия III для кислоты, холода, огня, молнии, яда, звука; Смерть/душа III для некротики; Эфир III для излучения и силового поля; Разум III для психического; Тело III для дробящего, колющего и рубящего (9.1)",лечебная,3 лечебные травы III,2,да (пограничный случай),35,DMG: Potion of Resistance,"официальный, изменён: уровень IV → III",Защита,Карточки эликсиров.md#e080
e068,Теневой клинок,III,необычный,эликсир-эффект,Эликсир Покрова,Покров III,ядовитая,3 ядовитые травы III,2,да,45,"заклинание «Теневой клинок» (XGE, 2 ур.; бонусное действие, на себя, концентрация, 1 минута)",домашний рецепт,Урон,Карточки эликсиров.md#e068
e082,Уменьшение,III,необычный,эликсир-эффект,Эликсир Тела,Тело III,лечебная,3 лечебные травы III,2,да,35,"DMG: Potion of Diminution; заклинание «Увеличение/уменьшение» (PHB, 2 ур.)","официальный, изменён: уровень VI → III","Разведка, Утилита",Карточки эликсиров.md#e082
e065,Языки,III,необычный,эликсир-эффект,Эликсир Разума,Разум III,лечебная,3 лечебные травы III,"0 (мягкий, 8.7)",нет,40,"заклинание «Языки» (PHB, 3 ур.; касание, 1 час)",домашний рецепт,Общение,Карточки эликсиров.md#e065
e076,Выдох ужаса,III,необычный,заряд,Заряд Разума,Разум III,ядовитая,ядовитые травы на 100 зм (по ценности),2,нет,300,"заклинание «Ужас» (PHB, 3 ур.; конус 30 фт, концентрация, 1 минута)",домашний рецепт,Контроль,Карточки эликсиров.md#e076
e074,Рассеивание магии,III,необычный,заряд,Заряд Эфира,Эфир III,ядовитая,ядовитые травы на 100 зм (по ценности),2,нет,300,"заклинание «Рассеивание магии» (PHB, 3 ур.; 120 фт, мгновенно)",домашний рецепт,"Утилита, Защита",Карточки эликсиров.md#e074
e075,Контрзаклинание,III,необычный,заряд-реакция,Заряд Эфира,Эфир III,ядовитая,ядовитые травы на 100 зм (по ценности),2,нет,300,"заклинание «Контрзаклинание» (PHB, 3 ур.; реакция, 60 фт, мгновенно)",домашний рецепт,Защита,Карточки эликсиров.md#e075
e137,Склянка воды: волна,III,необычный,метательная склянка,Склянка Воды/дыхания,Вода/дыхание III,ядовитая,ядовитые травы на 100 зм (по ценности),0 (склянку не пьют),нет,300,"заклинание «Приливная волна» (XGE, 3 ур.; 120 фт, мгновенно)",домашний рецепт,"Урон, Контроль",Карточки эликсиров.md#e137
e078,Склянка разума: гипноз,III,необычный,метательная склянка,Склянка Разума,Разум III,ядовитая,ядовитые травы на 100 зм (по ценности),0 (склянку не пьют),нет,300,"заклинание «Гипнотический узор» (PHB, 3 ур.; 120 фт, концентрация, 1 минута)",домашний рецепт,Контроль,Карточки эликсиров.md#e078
e077,Сковывающая склянка: замедление,III,необычный,метательная склянка,Склянка Движения,Движение III,ядовитая,ядовитые травы на 100 зм (по ценности),0 (склянку не пьют),нет,300,"заклинание «Замедление» (PHB, 3 ур.; 120 фт, концентрация, 1 минута)",домашний рецепт,Контроль,Карточки эликсиров.md#e077
e069,Масло зачарования,III,необычный,масло оружия,Масла и мази,Эфир III,ядовитая,3 ядовитые травы III,0 (масло не пьют),нет,45,"заклинание «Магическое оружие» (PHB, 2 ур.; бонусное действие, касание, концентрация, 1 час)",домашний рецепт,Усиление,Карточки эликсиров.md#e069
e135,Масло кары: слепящая,III,необычный,масло кары,Масла и мази,Эфир III,ядовитая,ядовитые травы на 100 зм (по ценности),0 (масло не пьют; альтернатива — как заряды),нет,300,"заклинание «Ослепляющая кара» (PHB, 3 ур.; бонусное действие, концентрация, 1 минута)",домашний рецепт,"Урон, Контроль",Карточки эликсиров.md#e135
e092,Защита от смерти,IV,необычный,эликсир-эффект,Эликсир Смерти/души,Смерть/душа IV,лечебная,4 лечебные травы IV,2,нет,75,"заклинание «Защита от смерти» (PHB, 4 ур.; касание, 8 часов)",домашний рецепт,Защита,Карточки эликсиров.md#e092
e084,Крепость разума,IV,необычный,эликсир-эффект,Эликсир Разума,Разум IV,лечебная,4 лечебные травы IV,"2 (не мягкий, 8.7)",да,70,"заклинание «Крепость интеллекта» (TCE, 3 ур.; 30 фт, концентрация, 1 час)",домашний рецепт,Защита,Карточки эликсиров.md#e084
e085,Любовный напиток,IV,необычный,эликсир-эффект,Эликсир Разума,Разум IV,ядовитая,4 ядовитые травы IV,"0 (мягкий, 8.7: социальная утилита; обычно его подливают цели)",нет,75,DMG: Philter of Love,"официальный, эффект по тексту источника","Общение, Контроль",Карточки эликсиров.md#e085
e178,Обнаружение существ,IV,необычный,эликсир-эффект,Эликсир Чувств,Чувства IV,лечебная,4 лечебные травы IV,"0 (мягкий, 8.7)",нет,75,"заклинание «Обнаружение существ» (PHB, 4 ур.; на себя, концентрация, 1 час)",домашний рецепт,Разведка,Карточки эликсиров.md#e178
e093,Огненный щит,IV,необычный,эликсир-эффект,Эликсир Стихии,Стихия IV,ядовитая,4 ядовитые травы IV,2,нет,65,"заклинание «Огненный щит» (PHB, 4 ур.; на себя, 10 минут)",домашний рецепт,"Защита, Урон",Карточки эликсиров.md#e093
e086,Преимущество,IV,необычный,эликсир-эффект,Эликсир Эфира,Эфир IV,лечебная,4 лечебные травы IV,2,нет,75,WBtW: Potion of Advantage,"официальный, эффект по тексту источника",Усиление,Карточки эликсиров.md#e086
e102,Размытый образ,IV,необычный,эликсир-эффект,Эликсир Покрова,Покров IV,лечебная,4 лечебные травы IV,2,да,75,"заклинание «Размытый образ» (PHB, 2 ур.; на себя, концентрация, 1 минута)",домашний рецепт,Защита,Карточки эликсиров.md#e102
e083,Чтение мыслей,IV,необычный,эликсир-эффект,Эликсир Разума,Разум IV,лечебная,4 лечебные травы IV,"0 (мягкий, 8.7)",нет,60,"DMG: Potion of Mind Reading; заклинание «Обнаружение мыслей» (PHB, 2 ур.; концентрация, 1 минута)","официальный, изменён: уровень VI → IV","Разведка, Общение",Карточки эликсиров.md#e083
e089,Изгнание,IV,необычный,заряд,Заряд Эфира,Эфир IV,ядовитая,ядовитые травы на 400 зм (по ценности),2,нет,1 200,"заклинание «Изгнание» (PHB, 4 ур.; 60 фт, концентрация, 1 минута)",домашний рецепт,Контроль,Карточки эликсиров.md#e089
e139,Иссушение,IV,необычный,заряд,Заряд Смерти/души,Смерть/душа IV,ядовитая,ядовитые травы на 400 зм (по ценности),2,нет,1 200,"заклинание «Усыхание» (PHB, 4 ур.; 30 фт, мгновенно)",домашний рецепт,Урон,Карточки эликсиров.md#e139
e090,Контроль разума: зверь,IV,необычный,заряд,Заряд Разума,Разум IV,ядовитая,ядовитые травы на 400 зм (по ценности),2,нет,1 200,"заклинание «Подчинение зверя» (PHB, 4 ур.; 60 фт, концентрация, 1 минута)",домашний рецепт,"Контроль, Контрольный яд",Карточки эликсиров.md#e090
e190,Яд: контроль разума — зверь,IV,необычный,контрольный яд,Заряд Разума,Разум IV,ядовитая,ядовитые травы на 400 зм (по ценности),через рану — нет; выпитый или съеденный — 2,нет,1 200,"заклинание «Подчинение зверя» (PHB, 4 ур.; 60 фт, концентрация, 1 минута) — контрольный яд (8.6)",домашний рецепт,"Контрольный яд, Контроль",Карточки эликсиров.md#e190
e183,Пыль чихания и удушья,IV,необычный,метательная склянка,Склянка Воды/дыхания,Вода/дыхание IV,ядовитая,ядовитые травы на 400 зм (по ценности),0 (склянку не пьют),нет,1 200,DMG: Dust of Sneezing and Choking; цена по модели заряда 4 ур.,"официальный, эффект по тексту источника",Контроль,Карточки эликсиров.md#e183
e140,Склянка стихии: град,IV,необычный,метательная склянка,Склянка Стихии,Стихия: холод IV,ядовитая,ядовитые травы на 400 зм (по ценности),0 (склянку не пьют),нет,1 200,"заклинание «Град» (PHB, 4 ур.; 300 фт, мгновенно)",домашний рецепт,Урон,Карточки эликсиров.md#e140
e091,Сковывающая склянка: щупальца,IV,необычный,метательная склянка,Склянка Движения,Движение IV,ядовитая,ядовитые травы на 400 зм (по ценности),0 (склянку не пьют),нет,1 200,"заклинание «Чёрные щупальца Эварда» (PHB, 4 ур.; 90 фт, концентрация, 1 минута)",домашний рецепт,"Контроль, Урон",Карточки эликсиров.md#e091
e088,Масло стихии,IV,необычный,масло оружия,Масла и мази,Стихия IV,ядовитая,4 ядовитые травы IV,0 (масло не пьют),нет,70,"заклинание «Стихийное оружие» (PHB, 3 ур.; касание, концентрация, 1 час)",домашний рецепт,"Урон, Усиление",Карточки эликсиров.md#e088
e141,Масло кары: ошеломляющая,IV,необычный,масло кары,Масла и мази,Разум IV,ядовитая,ядовитые травы на 400 зм (по ценности),0 (масло не пьют; альтернатива — как заряды),нет,1 200,"заклинание «Ошеломляющая кара» (PHB, 4 ур.; бонусное действие, концентрация, 1 минута)",домашний рецепт,"Урон, Контроль",Карточки эликсиров.md#e141
e087,Масло скольжения,IV,необычный,мазь,Масла и мази,Движение IV,лечебная,4 лечебные травы IV,0 (мазь не пьют),нет,65,"DMG: Oil of Slipperiness; заклинания «Свобода перемещения» (PHB, 4 ур.) и «Скольжение» (PHB, 1 ур.)","официальный, эффект по тексту источника","Защита, Утилита",Карточки эликсиров.md#e087
e099,Высшее восстановление,V,необычный,эликсир-эффект,Эликсир Тела,Тело V,лечебная,5 лечебных трав V,"0 (мягкий, 8.7)",нет,200,"заклинание «Высшее восстановление» (PHB, 5 ур.; касание, мгновенно)",домашний рецепт,Восстановление,Карточки эликсиров.md#e099
e096,Героизм,V,необычный,эликсир-эффект,Эликсир Разума,Разум V + Тело V,лечебная,5 лечебных трав V,2,да,100,DMG: Potion of Heroism; канон 8.5,"официальный, изменён: уровень VI → V","Усиление, Защита",Карточки эликсиров.md#e096
e100,Каменная кожа,V,необычный,эликсир-эффект,Эликсир Тела,Тело V,лечебная,5 лечебных трав V,2,да,200,"заклинание «Каменная кожа» (PHB, 4 ур.; касание, концентрация, 1 час)",домашний рецепт,Защита,Карточки эликсиров.md#e100
e179,Наблюдение,V,необычный,эликсир-эффект,Эликсир Чувств,Чувства V,лечебная,5 лечебных трав V,"0 (мягкий, 8.7)",нет,100,"заклинание «Наблюдение» (PHB, 5 ур.; на себя, концентрация, 10 минут)",домашний рецепт,Разведка,Карточки эликсиров.md#e179
e101,Переносящая дверь,V,необычный,эликсир-эффект,Эликсир Движения,Движение V,лечебная,5 лечебных трав V,2,нет,100,"заклинание «Переносящая дверь» (PHB, 4 ур.; 500 фт, мгновенно)",домашний рецепт,Передвижение,Карточки эликсиров.md#e101
e094,Сила холмового великана,V,необычный,эликсир-эффект,Эликсир Тела,Тело V,лечебная,5 лечебных трав V,2,нет,100,DMG: Potion of Hill Giant Strength,"официальный, эффект по тексту источника",Усиление,Карточки эликсиров.md#e094
e098,Эликсир здоровья,V,необычный,эликсир-эффект,Эликсир Тела,Тело V,лечебная,5 лечебных трав V,"0 (мягкий, 8.7; альтернатива — токсичность до короткого отдыха)",нет,100,DMG: Elixir of Health,"официальный, изменён: уровень VI → V; «отравлен» не снимает",Восстановление,Карточки эликсиров.md#e098
e097,Ясновидение,V,необычный,эликсир-эффект,Эликсир Чувств,Чувства V,лечебная,5 лечебных трав V,"0 (мягкий, 8.7)",нет,100,"DMG: Potion of Clairvoyance; заклинание «Подсматривание» (PHB, 3 ур.; 10 минут накладывания, 1 миля, концентрация, 10 минут)","официальный, изменён: уровень VI → V",Разведка,Карточки эликсиров.md#e097
e180,Изнеможение,V,необычный,заряд,Заряд Смерти/души,Смерть/душа V,ядовитая,ядовитые травы на ≈833 зм (по ценности),2,нет,2 500,"заклинание «Изнеможение» (XGE, 5 ур.; 60 фт, концентрация, 1 минута)",домашний рецепт,Урон,Карточки эликсиров.md#e180
e104,Контроль разума: гуманоид,V,необычный,заряд,Заряд Разума,Разум V,ядовитая,ядовитые травы на ≈833 зм (по ценности),2,нет,2 500,"заклинание «Подчинение личности» (PHB, 5 ур.; 60 фт, концентрация, 1 минута)",домашний рецепт,"Контроль, Контрольный яд",Карточки эликсиров.md#e104
e106,Конус холода,V,необычный,заряд,Заряд Стихии,Стихия: холод V,ядовитая,ядовитые травы на ≈833 зм (по ценности),2,нет,2 500,"заклинание «Конус холода» (PHB, 5 ур.; конус 60 фт, мгновенно)",домашний рецепт,Урон,Карточки эликсиров.md#e106
e103,Молниевый выдох,V,необычный,заряд,Заряд Стихии,Стихия: молния V,ядовитая,ядовитые травы на 100 зм (по ценности),2,нет,300,"заклинание «Молния» (PHB, 3 ур.; линия 100 фт, мгновенно)",домашний рецепт,Урон,Карточки эликсиров.md#e103
e105,Удержание чудовища,V,необычный,заряд,Заряд Разума,Разум V,ядовитая,ядовитые травы на ≈833 зм (по ценности),2,нет,2 500,"заклинание «Удержание чудовища» (PHB, 5 ур.; 90 фт, концентрация, 1 минута)",домашний рецепт,"Контроль, Контрольный яд",Карточки эликсиров.md#e105
e191,Яд: контроль разума — гуманоид,V,необычный,контрольный яд,Заряд Разума,Разум V,ядовитая,ядовитые травы на ≈833 зм (по ценности),через рану — нет; выпитый или съеденный — 2,нет,2 500,"заклинание «Подчинение личности» (PHB, 5 ур.; 60 фт, концентрация, 1 минута) — контрольный яд (8.6)",домашний рецепт,"Контрольный яд, Контроль",Карточки эликсиров.md#e191
e192,Яд: удержание чудовища,V,необычный,контрольный яд,Заряд Разума,Разум V,ядовитая,ядовитые травы на ≈833 зм (по ценности),через рану — нет; выпитый или съеденный — 2,нет,2 500,"заклинание «Удержание чудовища» (PHB, 5 ур.; 90 фт, концентрация, 1 минута) — контрольный яд (8.6)",домашний рецепт,"Контрольный яд, Контроль",Карточки эликсиров.md#e192
e109,Рассвет,V,необычный,метательная склянка,Склянка Эфира,Эфир V,ядовитая,ядовитые травы на ≈833 зм (по ценности),0 (склянку не пьют),нет,2 500,"заклинание «Рассвет» (XGE, 5 ур.; 60 фт, концентрация, 1 минута)",домашний рецепт,Урон,Карточки эликсиров.md#e109
e184,Склянка воды: водоворот,V,необычный,метательная склянка,Склянка Воды/дыхания,Вода/дыхание V,ядовитая,ядовитые травы на ≈833 зм (по ценности),0 (склянку не пьют),нет,2 500,"заклинание «Водоворот» (XGE, 5 ур.; 120 фт, концентрация, 1 минута)",домашний рецепт,"Урон, Контроль",Карточки эликсиров.md#e184
e108,Склянка разума: разряд,V,необычный,метательная склянка,Склянка Разума,Разум V,ядовитая,ядовитые травы на ≈833 зм (по ценности),0 (склянку не пьют),нет,2 500,"заклинание «Синаптический разряд» (XGE, 5 ур.; 120 фт, мгновенно)",домашний рецепт,"Урон, Контроль",Карточки эликсиров.md#e108
e107,Склянка стихии: большая,V,необычный,метательная склянка,Склянка Стихии,Стихия V,ядовитая,ядовитые травы на 100 зм (по ценности),0 (склянку не пьют),нет,300,"заклинание «Огненный шар» (PHB, 3 ур.; 150 фт, мгновенно)",домашний рецепт,Урон,Карточки эликсиров.md#e107
e142,Масло кары: изгоняющая,V,необычный,масло кары,Масла и мази,Эфир V,ядовитая,ядовитые травы на ≈833 зм (по ценности),0 (масло не пьют; альтернатива — как заряды),нет,2 500,"заклинание «Изгоняющая кара» (PHB, 5 ур.; бонусное действие, концентрация, 1 минута)",домашний рецепт,"Урон, Контроль",Карточки эликсиров.md#e142
e111,Водная форма,VI,редкий,эликсир-эффект,Эликсир Воды/дыхания,Вода/дыхание VI,лечебная,6 лечебных трав VI,3,нет,250,MOT: Potion of Aqueous Form,"официальный, эффект по тексту источника","Передвижение, Защита",Карточки эликсиров.md#e111
e116,Газообразная форма,VI,редкий,эликсир-эффект,Эликсир Покрова,Покров VI,лечебная,6 лечебных трав VI,3,да,250,"DMG: Potion of Gaseous Form; заклинание «Газообразная форма» (PHB, 3 ур.)","официальный, изменён: уровень VII → VI","Передвижение, Защита",Карточки эликсиров.md#e116
e113,Далёкий шаг,VI,редкий,эликсир-эффект,Эликсир Движения,Движение VI,лечебная,6 лечебных трав VI,3,да,250,"заклинание «Далёкий шаг» (XGE, 5 ур.; бонусное действие, на себя, концентрация, 1 минута)",домашний рецепт,Передвижение,Карточки эликсиров.md#e113
e143,Истинное зрение,VI,редкий,эликсир-эффект,Эликсир Чувств,Чувства VI,лечебная,6 лечебных трав VI,"0 (мягкий, 8.7)",нет,250,"заклинание «Истинное зрение» (PHB, 6 ур.; касание, 1 час)",домашний рецепт · есть открытый вопрос,Разведка,Карточки эликсиров.md#e143
e112,Максимальная сила,VI,редкий,эликсир-эффект,Эликсир Эфира,Эфир VI,ядовитая,6 ядовитых трав VI,3,нет,300,EGW: Potion of Maximum Power,"официальный, эффект по тексту источника","Усиление, Урон",Карточки эликсиров.md#e112
e115,Невидимость,VI,редкий,эликсир-эффект,Эликсир Покрова,Покров VI,лечебная,6 лечебных трав VI,3,да,250,DMG: Potion of Invisibility; канон 8.5,"официальный, изменён: уровень VIII → VI",Разведка,Карточки эликсиров.md#e115
e144,Первородный оберег,VI,редкий,эликсир-эффект,Эликсир Стихии,Стихия VI,лечебная,6 лечебных трав VI,3,да,300,"заклинание «Первородный оберег» (XGE, 6 ур.; на себя, концентрация, 1 минута)",домашний рецепт,Защита,Карточки эликсиров.md#e144
e110,Сила ледяного или каменного великана,VI,редкий,эликсир-эффект,Эликсир Тела,Тело VI,лечебная,6 лечебных трав VI,3,нет,250,DMG: Potion of Frost / Stone Giant Strength,"официальный, эффект по тексту источника",Усиление,Карточки эликсиров.md#e110
e152,Вред,VI,редкий,заряд,Заряд Смерти/души,Смерть/душа VI,ядовитая,ядовитые травы на 2 500 зм (по ценности),3,нет,7 500,"заклинание «Вред» (PHB, 6 ур.; 60 фт, мгновенно)",домашний рецепт,Урон,Карточки эликсиров.md#e152
e153,Ледяная сфера,VI,редкий,заряд,Заряд Стихии,Стихия: холод VI,ядовитая,ядовитые травы на 2 500 зм (по ценности),3,нет,7 500,"заклинание «Ледяная сфера Отилюка» (PHB, 6 ур.; 300 фт, мгновенно)",домашний рецепт,"Урон, Контроль",Карточки эликсиров.md#e153
e158,Массовое внушение,VI,редкий,заряд,Заряд Разума,Разум VI,ядовитая,ядовитые травы на 2 500 зм (по ценности),3,нет,7 500,"заклинание «Массовое внушение» (PHB, 6 ур.; 60 фт, 24 часа)",домашний рецепт,"Контроль, Общение",Карточки эликсиров.md#e158
e157,Ментальная тюрьма,VI,редкий,заряд,Заряд Разума,Разум VI,ядовитая,ядовитые травы на 2 500 зм (по ценности),3,нет,7 500,"заклинание «Ментальная тюрьма» (XGE, 6 ур.; 60 фт, концентрация, 1 минута)",домашний рецепт,"Контроль, Контрольный яд",Карточки эликсиров.md#e157
e155,Неудержимая пляска,VI,редкий,заряд,Заряд Разума,Разум VI,ядовитая,ядовитые травы на 2 500 зм (по ценности),3,нет,7 500,"заклинание «Неудержимая пляска Отто» (PHB, 6 ур.; 30 фт, концентрация, 1 минута)",домашний рецепт,"Контроль, Контрольный яд",Карточки эликсиров.md#e155
e151,Распад,VI,редкий,заряд,Заряд Эфира,Эфир VI,ядовитая,ядовитые травы на 2 500 зм (по ценности),3,нет,7 500,"заклинание «Распад» (PHB, 6 ур.; 60 фт, мгновенно)",домашний рецепт,Урон,Карточки эликсиров.md#e151
e154,Сглаз,VI,редкий,заряд,Заряд Разума,Разум VI,ядовитая,ядовитые травы на 2 500 зм (по ценности),3,нет,7 500,"заклинание «Сглаз» (PHB, 6 ур.; на себя, концентрация, 1 минута)",домашний рецепт,Контроль,Карточки эликсиров.md#e154
e156,Солнечный луч,VI,редкий,заряд,Заряд Эфира,Эфир VI,ядовитая,ядовитые травы на 2 500 зм (по ценности),3,нет,7 500,"заклинание «Солнечный луч» (PHB, 6 ур.; на себя, линия 60 фт, концентрация, 1 минута)",домашний рецепт,"Урон, Контроль",Карточки эликсиров.md#e156
e150,Цепная молния,VI,редкий,заряд,Заряд Стихии,Стихия: молния VI,ядовитая,ядовитые травы на 2 500 зм (по ценности),3,нет,7 500,"заклинание «Цепная молния» (PHB, 6 ур.; 150 фт, мгновенно)",домашний рецепт,Урон,Карточки эликсиров.md#e150
e159,Шар неуязвимости,VI,редкий,заряд,Заряд Эфира,Эфир VI,лечебная,лечебные травы на 2 500 зм (по ценности),3,нет,7 500,"заклинание «Шар неуязвимости» (PHB, 6 ур.; на себя, радиус 10 фт, концентрация, 1 минута)",домашний рецепт,Защита,Карточки эликсиров.md#e159
e194,Яд: ментальная тюрьма,VI,редкий,контрольный яд,Заряд Разума,Разум VI,ядовитая,ядовитые травы на 2 500 зм (по ценности),через рану — нет; выпитый или съеденный — 3,нет,7 500,"заклинание «Ментальная тюрьма» (XGE, 6 ур.; 60 фт, концентрация, 1 минута) — контрольный яд (8.6)",домашний рецепт,"Контрольный яд, Контроль",Карточки эликсиров.md#e194
e193,Яд: неудержимая пляска,VI,редкий,контрольный яд,Заряд Разума,Разум VI,ядовитая,ядовитые травы на 2 500 зм (по ценности),через рану — нет; выпитый или съеденный — 3,нет,7 500,"заклинание «Неудержимая пляска Отто» (PHB, 6 ур.; 30 фт, концентрация, 1 минута) — контрольный яд (8.6)",домашний рецепт,"Контрольный яд, Контроль",Карточки эликсиров.md#e193
e160,Стена льда,VI,редкий,метательная склянка,Склянка Стихии,Стихия: холод VI,ядовитая,ядовитые травы на 2 500 зм (по ценности),0 (склянку не пьют),нет,7 500,"заклинание «Стена льда» (PHB, 6 ур.; 120 фт, концентрация, 10 минут)",домашний рецепт,"Контроль, Урон",Карточки эликсиров.md#e160
e117,Священное масло,VI,редкий,масло оружия,Масла и мази,Эфир VI,ядовитая,6 ядовитых трав VI,0 (масло не пьют),нет,250,"заклинание «Священное оружие» (XGE, 5 ур.; бонусное действие, касание, концентрация, 1 час)",домашний рецепт,Урон,Карточки эликсиров.md#e117
e122,Живительность,VII,редкий,эликсир-эффект,Эликсир Тела,Тело VII,лечебная,7 лечебных трав VII,3,нет,500,DMG: Potion of Vitality,"официальный, изменён: уровень VIII → VII; яды не излечивает",Восстановление,Карточки эликсиров.md#e122
e148,Звёздная корона,VII,редкий,эликсир-эффект,Эликсир Эфира,Эфир VII,лечебная,7 лечебных трав VII,3,нет,500,"заклинание «Звёздная корона» (XGE, 7 ур.; на себя, 1 час)",домашний рецепт,Урон,Карточки эликсиров.md#e148
e119,Зелье неуязвимости,VII,редкий,эликсир-эффект,Эликсир Тела,Тело VII,лечебная,7 лечебных трав VII,3,нет,500,DMG: Potion of Invulnerability,"официальный, эффект по тексту источника",Защита,Карточки эликсиров.md#e119
e145,Облачение стихии,VII,редкий,эликсир-эффект,Эликсир Стихии,Стихия VII; вариант «камень» — Тело VII,лечебная,7 лечебных трав VII,3,да,450,"заклинания «Облачение пламени», «Облачение льда», «Облачение камня», «Облачение ветра» (XGE, 6 ур.; на себя, концентрация, 10 минут)",домашний рецепт,"Защита, Урон",Карточки эликсиров.md#e145
e121,Полёт,VII,редкий,эликсир-эффект,Эликсир Движения,Движение VII,лечебная,7 лечебных трав VII,"3 (не мягкий, 8.7)",да,500,DMG: Potion of Flying,"официальный, изменён: уровень VIII → VII · есть открытый вопрос",Передвижение,Карточки эликсиров.md#e121
e118,Сила огненного великана,VII,редкий,эликсир-эффект,Эликсир Тела,Тело VII,лечебная,7 лечебных трав VII,3,нет,450,DMG: Potion of Fire Giant Strength,"официальный, эффект по тексту источника",Усиление,Карточки эликсиров.md#e118
e161,Божественное слово,VII,редкий,заряд,Заряд Эфира,Эфир VII,ядовитая,ядовитые травы на ≈4 167 зм (по ценности),3,нет,12 500,"заклинание «Божественное слово» (PHB, 7 ур.; бонусное действие, 30 фт, мгновенно)",домашний рецепт,Контроль,Карточки эликсиров.md#e161
e165,Обратная гравитация,VII,редкий,заряд,Заряд Движения,Движение VII,ядовитая,ядовитые травы на ≈4 167 зм (по ценности),3,нет,12 500,"заклинание «Обратная гравитация» (PHB, 7 ур.; 100 фт, концентрация, 1 минута)",домашний рецепт,Контроль,Карточки эликсиров.md#e165
e163,Огненная буря,VII,редкий,заряд,Заряд Стихии,Стихия: огонь VII,ядовитая,ядовитые травы на ≈4 167 зм (по ценности),3,нет,12 500,"заклинание «Огненная буря» (PHB, 7 ур.; 150 фт, мгновенно)",домашний рецепт,Урон,Карточки эликсиров.md#e163
e162,Перст смерти,VII,редкий,заряд,Заряд Смерти/души,Смерть/душа VII,ядовитая,ядовитые травы на ≈4 167 зм (по ценности),3,нет,12 500,"заклинание «Перст смерти» (PHB, 7 ур.; 60 фт, мгновенно)",домашний рецепт,Урон,Карточки эликсиров.md#e162
e164,Радужные брызги,VII,редкий,заряд,Заряд Эфира,Эфир VII,ядовитая,ядовитые травы на ≈4 167 зм (по ценности),3,нет,12 500,"заклинание «Радужные брызги» (PHB, 7 ур.; на себя, конус 60 фт, мгновенно)",домашний рецепт,"Контроль, Урон",Карточки эликсиров.md#e164
e181,Связь сущностей,VII,редкий,заряд,Заряд Смерти/души,Смерть/душа VII,ядовитая,ядовитые травы на ≈4 167 зм (по ценности),3,нет,12 500,"заклинание «Связь сущностей» (EGW, 7 ур.; 60 фт, концентрация, 1 час)",домашний рецепт · есть открытый вопрос,"Контроль, Урон",Карточки эликсиров.md#e181
e182,Слово силы: боль,VII,редкий,заряд,Заряд Разума,Разум VII,ядовитая,ядовитые травы на ≈4 167 зм (по ценности),3,нет,12 500,"заклинание «Слово силы: боль» (XGE, 7 ур.; 60 фт, мгновенно)",домашний рецепт,"Контроль, Контрольный яд",Карточки эликсиров.md#e182
e195,Яд: слово силы — боль,VII,редкий,контрольный яд,Заряд Разума,Разум VII,ядовитая,ядовитые травы на ≈4 167 зм (по ценности),через рану — нет; выпитый или съеденный — 3,нет,12 500,"заклинание «Слово силы: боль» (XGE, 7 ур.; 60 фт, мгновенно) — контрольный яд (8.6)",домашний рецепт,"Контрольный яд, Контроль",Карточки эликсиров.md#e195
e166,Отсроченный огненный шар,VII,редкий,метательная склянка,Склянка Стихии,Стихия: огонь VII,ядовитая,ядовитые травы на ≈4 167 зм (по ценности),0 (склянку не пьют),нет,12 500,"заклинание «Огненный шар замедленного действия» (PHB, 7 ур.; 150 фт, концентрация, 1 минута)",домашний рецепт,Урон,Карточки эликсиров.md#e166
e167,Силовая клетка,VII,редкий,метательная склянка,Склянка Эфира,Эфир VII,ядовитая,ядовитые травы на ≈4 167 зм (по ценности),0 (склянку не пьют),нет,12 500,"заклинание «Силовая клетка» (PHB, 7 ур.; 100 фт, 1 час)",домашний рецепт · есть открытый вопрос,Контроль,Карточки эликсиров.md#e167
e120,Масло эфирности,VII,редкий,мазь,Масла и мази,Покров VII,лечебная,7 лечебных трав VII,0 (мазь не пьют),нет,480,"DMG: Oil of Etherealness; заклинание «Эфирность» (PHB, 7 ур.)","официальный, эффект по тексту источника","Передвижение, Разведка",Карточки эликсиров.md#e120
e123,Возможность,VIII,очень редкий,эликсир-эффект,Эликсир Эфира,Эфир VIII,лечебная,8 лечебных трав VIII,4,нет,1 750,EGW: Potion of Possibility,"официальный, эффект по тексту источника",Усиление,Карточки эликсиров.md#e123
e114,"Высшая невидимость, боевая",VIII,очень редкий,эликсир-эффект,Эликсир Покрова,Покров VIII,лечебная,8 лечебных трав VIII,4,да,1 750,"заклинание «Высшая невидимость» (PHB, 4 ур.; касание, концентрация, 1 минута)",домашний рецепт,"Защита, Усиление",Карточки эликсиров.md#e114
e147,Потусторонний облик,VIII,очень редкий,эликсир-эффект,Эликсир Эфира,Эфир VIII,лечебная,8 лечебных трав VIII,4,да,1 750,"заклинание «Потусторонний облик Таши» (TCE, 6 ур.; бонусное действие, на себя, концентрация, 1 минута)",домашний рецепт,"Усиление, Передвижение",Карточки эликсиров.md#e147
e126,Сила облачного великана,VIII,очень редкий,эликсир-эффект,Эликсир Тела,Тело VIII,лечебная,8 лечебных трав VIII,4,нет,1 500,DMG: Potion of Cloud Giant Strength,"официальный, изменён: уровень IX → VIII",Усиление,Карточки эликсиров.md#e126
e124,Скорость,VIII,очень редкий,эликсир-эффект,Эликсир Движения,Движение VIII,лечебная,8 лечебных трав VIII,4,да,1 750,"DMG: Potion of Speed; заклинание «Ускорение» (PHB, 3 ур.)","официальный, изменён: уровень IX → VIII","Усиление, Защита",Карточки эликсиров.md#e124
e149,Сокрытие разума,VIII,очень редкий,эликсир-эффект,Эликсир Разума,Разум VIII,лечебная,8 лечебных трав VIII,4,нет,1 500,"заклинание «Сокрытие разума» (PHB, 8 ур.; касание, 24 часа)",домашний рецепт,"Защита, Разведка",Карточки эликсиров.md#e149
e172,Антимагическое поле,VIII,очень редкий,заряд,Заряд Эфира,Эфир VIII,лечебная,лечебные травы на ≈8 333 зм (по ценности),4,нет,25 000,"заклинание «Антимагическое поле» (PHB, 8 ур.; на себя, сфера 10 фт, концентрация, 1 час)",домашний рецепт,"Защита, Контроль",Карточки эликсиров.md#e172
e171,Лабиринт,VIII,очень редкий,заряд,Заряд Эфира,Эфир VIII,ядовитая,ядовитые травы на ≈8 333 зм (по ценности),4,нет,25 000,"заклинание «Лабиринт» (PHB, 8 ур.; 60 фт, концентрация, 10 минут)",домашний рецепт,Контроль,Карточки эликсиров.md#e171
e173,Священная аура,VIII,очень редкий,заряд,Заряд Эфира,Эфир VIII,лечебная,лечебные травы на ≈8 333 зм (по ценности),4,нет,25 000,"заклинание «Священная аура» (PHB, 8 ур.; на себя, 30 фт, концентрация, 1 минута)",домашний рецепт,"Защита, Усиление",Карточки эликсиров.md#e173
e168,Слабоумие,VIII,очень редкий,заряд,Заряд Разума,Разум VIII,ядовитая,ядовитые травы на ≈8 333 зм (по ценности),4,нет,25 000,"заклинание «Слабоумие» (PHB, 8 ур.; 150 фт, мгновенно)",домашний рецепт,"Контроль, Контрольный яд",Карточки эликсиров.md#e168
e169,Слово силы: оглушение,VIII,очень редкий,заряд,Заряд Разума,Разум VIII,ядовитая,ядовитые травы на ≈8 333 зм (по ценности),4,нет,25 000,"заклинание «Слово силы: оглушение» (PHB, 8 ур.; 60 фт, мгновенно)",домашний рецепт,Контроль,Карточки эликсиров.md#e169
e170,Солнечный взрыв,VIII,очень редкий,заряд,Заряд Эфира,Эфир VIII,ядовитая,ядовитые травы на ≈8 333 зм (по ценности),4,нет,25 000,"заклинание «Солнечный ожог» (PHB, 8 ур.; 150 фт, мгновенно)",домашний рецепт,"Урон, Контроль",Карточки эликсиров.md#e170
e196,Яд: слабоумие,VIII,очень редкий,контрольный яд,Заряд Разума,Разум VIII,ядовитая,ядовитые травы на ≈8 333 зм (по ценности),через рану — нет; выпитый или съеденный — 4,нет,25 000,"заклинание «Слабоумие» (PHB, 8 ур.; 150 фт, мгновенно) — контрольный яд (8.6)",домашний рецепт,"Контрольный яд, Контроль",Карточки эликсиров.md#e196
e174,Испепеляющее облако,VIII,очень редкий,метательная склянка,Склянка Стихии,Стихия: огонь VIII,ядовитая,ядовитые травы на ≈8 333 зм (по ценности),0 (склянку не пьют),нет,25 000,"заклинание «Испепеляющая туча» (PHB, 8 ур.; 150 фт, концентрация, 1 минута)",домашний рецепт,Урон,Карточки эликсиров.md#e174
e175,Увядание,VIII,очень редкий,метательная склянка,Склянка Смерти/души,Смерть/душа VIII,ядовитая,ядовитые травы на ≈8 333 зм (по ценности),0 (склянку не пьют),нет,25 000,"заклинание «Ужасное увядание Аби-Далзима» (XGE, 8 ур.; 150 фт, мгновенно)",домашний рецепт,Урон,Карточки эликсиров.md#e175
e125,Масло остроты,VIII,очень редкий,масло оружия,Масла и мази,Эфир VIII,ядовитая,8 ядовитых трав VIII,0 (масло не пьют),нет,1 500,DMG: Oil of Sharpness,"официальный, эффект по тексту источника","Урон, Усиление",Карточки эликсиров.md#e125
e127,Высшая невидимость,IX,очень редкий,эликсир-эффект,Эликсир Покрова,Покров IX,лечебная,9 лечебных трав IX,4,да,2 500 усл.,DMG 2024: Potion of Greater Invisibility,"официальный, эффект по тексту источника","Разведка, Защита",Карточки эликсиров.md#e127
e128,Контроль разума: чудовище,IX,очень редкий,эликсир-эффект,Эликсир Разума,Разум IX,ядовитая,9 ядовитых трав IX,4,нет,2 500 усл.,"TftYP: Potion of Mind Control (monster); заклинание «Подчинение чудовища» (PHB, 8 ур.)","официальный, эффект по тексту источника",Контроль,Карточки эликсиров.md#e128
e129,Сила грозового великана,IX,очень редкий,эликсир-эффект,Эликсир Тела,Тело IX,лечебная,9 лечебных трав IX,4,нет,2 500 усл.,DMG: Potion of Storm Giant Strength,"официальный, изменён: уровень X → IX",Усиление,Карточки эликсиров.md#e129
e146,Трансформация Тензера,IX,очень редкий,эликсир-эффект,Эликсир Тела,Тело IX,лечебная,9 лечебных трав IX,4,да,2 500,"заклинание «Трансформация Тензера» (XGE, 6 ур.; на себя, концентрация, 10 минут)",домашний рецепт,"Усиление, Защита",Карточки эликсиров.md#e146
e130,Величие дракона,X,легендарный,эликсир-эффект,Сюжетный рецепт,чешуйка дракона,лечебная,10 лечебных трав X,5,нет,15 000+ усл.,FTD: Potion of Dragon's Majesty,"официальный, эффект по тексту источника","Усиление, Урон",Карточки эликсиров.md#e130
e131,Размер великана,X,легендарный,эликсир-эффект,Эликсир Тела,Тело X,лечебная,10 лечебных трав X,5,нет,15 000+ усл.,SKT: Potion of Giant Size,"официальный, изменён: длительность 24 часа → 1 час",Усиление,Карточки эликсиров.md#e131
